run,arm,env,seed,picked,leaves,depth,episodes,collect_seed,orac_fid,orac_wfid,orac_n,orac_surv,tree_fid,tree_wfid,tree_n,tree_surv,secs
bus14_dtpo-full_L16_s100,dtpo-full,bus14,100,iter=27,16,7,10,12345,0.4108,0.5345,53570,0.6643,0.0412,0.0240,76206,0.9450,119
bus14_dtpo-full_L16_s101,dtpo-full,bus14,101,iter=144,16,6,10,12345,0.4401,0.5045,59346,0.7359,0.2778,0.3168,46098,0.5717,98
bus14_dtpo-full_L16_s102,dtpo-full,bus14,102,iter=70,16,6,10,12345,0.4022,0.4974,52641,0.6528,0.0332,0.0282,51208,0.6350,95
bus14_dtpo-full_L16_s103,dtpo-full,bus14,103,iter=96,16,6,10,12345,0.3959,0.4796,70321,0.8720,0.3101,0.2796,26294,0.3261,90
bus14_dtpo-full_L16_s104,dtpo-full,bus14,104,iter=74,16,5,10,12345,0.3511,0.4256,59779,0.7413,0.5418,0.5594,13186,0.1635,68
bus14_dtpo-full_L16_s105,dtpo-full,bus14,105,iter=76,16,6,10,12345,0.4599,0.5381,71596,0.8878,0.1516,0.4155,50767,0.6296,110
bus14_dtpo-full_L16_s106,dtpo-full,bus14,106,iter=139,16,5,10,12345,0.4289,0.5041,64055,0.7943,0.3924,0.5893,69747,0.8649,122
bus14_dtpo-full_L16_s107,dtpo-full,bus14,107,iter=129,16,8,10,12345,0.5052,0.6135,37560,0.4658,0.1113,0.1579,55167,0.6841,85
bus14_dtpo-full_L16_s108,dtpo-full,bus14,108,iter=117,16,9,10,12345,0.4306,0.4955,73379,0.9100,0.2740,0.2111,65575,0.8132,127
bus14_dtpo-full_L16_s109,dtpo-full,bus14,109,iter=134,16,6,10,12345,0.3229,0.3633,62658,0.7770,0.0591,0.0249,43951,0.5450,97
bus14_dtpo-replay_L16_s100,dtpo-replay,bus14,100,iter=89,16,7,10,12345,0.4257,0.5836,53570,0.6643,0.0040,0.0130,79719,0.9886,118
bus14_dtpo-replay_L16_s101,dtpo-replay,bus14,101,iter=67,16,5,10,12345,0.3422,0.2819,59346,0.7359,0.2189,0.2359,12796,0.1587,67
bus14_dtpo-replay_L16_s102,dtpo-replay,bus14,102,iter=130,16,7,10,12345,0.4179,0.4815,52641,0.6528,0.0282,0.0217,58697,0.7279,102
bus14_dtpo-replay_L16_s103,dtpo-replay,bus14,103,iter=78,16,8,10,12345,0.3154,0.2576,70321,0.8720,0.0838,0.0574,25681,0.3185,89
bus14_dtpo-replay_L16_s104,dtpo-replay,bus14,104,iter=112,16,5,10,12345,0.2840,0.3177,59779,0.7413,0.4055,0.3843,32546,0.4036,86
bus14_dtpo-replay_L16_s105,dtpo-replay,bus14,105,iter=16,16,6,10,12345,0.5019,0.5848,71596,0.8878,0.1489,0.4073,50767,0.6296,112
bus14_dtpo-replay_L16_s106,dtpo-replay,bus14,106,iter=50,16,5,10,12345,0.3871,0.4540,64055,0.7943,0.2468,0.3628,73264,0.9085,124
bus14_dtpo-replay_L16_s107,dtpo-replay,bus14,107,iter=138,16,7,10,12345,0.3930,0.4091,37560,0.4658,0.3115,0.3199,32172,0.3990,65
bus14_dtpo-replay_L16_s108,dtpo-replay,bus14,108,iter=97,16,8,10,12345,0.3756,0.3703,73379,0.9100,0.2628,0.2322,68949,0.8550,132
bus14_dtpo-replay_L16_s109,dtpo-replay,bus14,109,iter=130,16,8,10,12345,0.2557,0.1911,62658,0.7770,0.0896,0.1373,48154,0.5971,101
bus14_dtpo-ws_L16_s100,dtpo-ws,bus14,100,iter=3,16,5,10,12345,0.5328,0.7048,53570,0.6643,0.0654,0.0427,64166,0.7957,111
bus14_dtpo-ws_L16_s101,dtpo-ws,bus14,101,iter=78,16,8,10,12345,0.3602,0.3710,59346,0.7359,0.2195,0.2394,12999,0.1612,67
bus14_dtpo-ws_L16_s102,dtpo-ws,bus14,102,iter=16,16,6,10,12345,0.3910,0.4669,52641,0.6528,0.0115,0.0093,55865,0.6928,98
bus14_dtpo-ws_L16_s103,dtpo-ws,bus14,103,iter=4,16,6,10,12345,0.5032,0.5642,70321,0.8720,0.3472,0.2474,20474,0.2539,84
bus14_dtpo-ws_L16_s104,dtpo-ws,bus14,104,iter=83,16,5,10,12345,0.3204,0.4008,59779,0.7413,0.4510,0.4143,22574,0.2799,76
bus14_dtpo-ws_L16_s105,dtpo-ws,bus14,105,iter=28,16,6,10,12345,0.3868,0.4700,71596,0.8878,0.0448,0.1187,50767,0.6296,111
bus14_dtpo-ws_L16_s106,dtpo-ws,bus14,106,iter=124,16,5,10,12345,0.3838,0.4107,64055,0.7943,0.2264,0.2974,68162,0.8453,120
bus14_dtpo-ws_L16_s107,dtpo-ws,bus14,107,iter=108,16,7,10,12345,0.3656,0.3620,37560,0.4658,0.3084,0.4633,32354,0.4012,65
bus14_dtpo-ws_L16_s108,dtpo-ws,bus14,108,iter=19,16,7,10,12345,0.4119,0.4129,73379,0.9100,0.1349,0.1203,47684,0.5913,111
bus14_dtpo-ws_L16_s109,dtpo-ws,bus14,109,iter=120,16,6,10,12345,0.2921,0.3583,62658,0.7770,0.0123,0.0083,43666,0.5415,98
bus14_dtpo-scratchgate_L16_s100,dtpo-scratchgate,bus14,100,iter=144,16,8,10,12345,0.2710,0.1528,53570,0.6643,0.0648,0.1673,19153,0.2375,69
bus14_dtpo-scratchgate_L16_s101,dtpo-scratchgate,bus14,101,iter=19,16,12,10,12345,0.3324,0.3913,59346,0.7359,0.2847,0.3679,18575,0.2303,73
bus14_dtpo-scratchgate_L16_s102,dtpo-scratchgate,bus14,102,iter=67,16,10,10,12345,0.0004,0.0001,52641,0.6528,0.0519,0.0366,12686,0.1573,63
bus14_dtpo-scratchgate_L16_s103,dtpo-scratchgate,bus14,103,iter=6,16,11,10,12345,0.1853,0.1157,70321,0.8720,0.0320,0.0281,13424,0.1665,78
bus14_dtpo-scratchgate_L16_s104,dtpo-scratchgate,bus14,104,iter=142,16,5,10,12345,0.1572,0.0864,59779,0.7413,0.0000,0.0000,21966,0.2724,76
bus14_dtpo-scratchgate_L16_s105,dtpo-scratchgate,bus14,105,iter=86,16,6,10,12345,0.0000,0.0000,71596,0.8878,0.0025,0.0008,50038,0.6205,115
bus14_dtpo-scratchgate_L16_s106,dtpo-scratchgate,bus14,106,iter=68,16,8,10,12345,0.2928,0.1757,64055,0.7943,0.1777,0.1878,30272,0.3754,89
bus14_dtpo-scratchgate_L16_s107,dtpo-scratchgate,bus14,107,iter=124,16,8,10,12345,0.0067,0.0065,37560,0.4658,0.0000,0.0000,66261,0.8217,99
bus14_dtpo-scratchgate_L16_s108,dtpo-scratchgate,bus14,108,iter=42,16,9,10,12345,0.0014,0.0006,73379,0.9100,0.0000,0.0000,18487,0.2293,87
bus14_dtpo-scratchgate_L16_s109,dtpo-scratchgate,bus14,109,iter=126,16,8,10,12345,0.1114,0.2293,62658,0.7770,0.4251,0.5804,43660,0.5414,100
bus14_dtpo-gate-K1_L16_s100,dtpo-gate-K1,bus14,100,iter=22,16,6,10,12345,0.5306,0.6943,53570,0.6643,0.0561,0.0387,56438,0.6999,103
bus14_dtpo-gate-K1_L16_s101,dtpo-gate-K1,bus14,101,iter=133,16,7,10,12345,0.3178,0.3579,59346,0.7359,0.2077,0.1905,10169,0.1261,66
bus14_dtpo-gate-K1_L16_s102,dtpo-gate-K1,bus14,102,iter=139,16,6,10,12345,0.4297,0.5241,52641,0.6528,0.0122,0.0152,55865,0.6928,100
bus14_dtpo-gate-K1_L16_s103,dtpo-gate-K1,bus14,103,iter=146,16,6,10,12345,0.4226,0.4751,70321,0.8720,0.3798,0.3522,25490,0.3161,89
bus14_dtpo-gate-K1_L16_s104,dtpo-gate-K1,bus14,104,iter=107,16,7,10,12345,0.3831,0.3293,59779,0.7413,0.1310,0.0485,7756,0.0962,64
bus14_dtpo-gate-K1_L16_s105,dtpo-gate-K1,bus14,105,iter=132,16,6,10,12345,0.4579,0.5484,71596,0.8878,0.1376,0.3725,51490,0.6385,117
bus14_dtpo-gate-K1_L16_s106,dtpo-gate-K1,bus14,106,iter=42,16,6,10,12345,0.5133,0.5989,64055,0.7943,0.1752,0.2779,57720,0.7158,111
bus14_dtpo-gate-K1_L16_s107,dtpo-gate-K1,bus14,107,iter=15,16,6,10,12345,0.4477,0.4616,37560,0.4658,0.1800,0.2087,16686,0.2069,51
bus14_dtpo-gate-K1_L16_s108,dtpo-gate-K1,bus14,108,iter=35,16,6,10,12345,0.5156,0.5057,73379,0.9100,0.1300,0.0733,54145,0.6714,118
bus14_dtpo-gate-K1_L16_s109,dtpo-gate-K1,bus14,109,iter=91,16,6,10,12345,0.4337,0.5064,62658,0.7770,0.1155,0.2254,50556,0.6269,103
bus14_dtpo-gate_L16_s100,dtpo-gate,bus14,100,iter=31,16,7,10,12345,0.4501,0.5915,53570,0.6643,0.0639,0.0346,69234,0.8586,118
bus14_dtpo-gate_L16_s101,dtpo-gate,bus14,101,iter=137,16,6,10,12345,0.5214,0.5904,59346,0.7359,0.2666,0.2958,36607,0.4540,90
bus14_dtpo-gate_L16_s102,dtpo-gate,bus14,102,iter=68,16,6,10,12345,0.3863,0.4682,52641,0.6528,0.0182,0.0260,66645,0.8265,111
bus14_dtpo-gate_L16_s103,dtpo-gate,bus14,103,iter=129,16,6,10,12345,0.4044,0.4106,70321,0.8720,0.1392,0.0454,3930,0.0487,71
bus14_dtpo-gate_L16_s104,dtpo-gate,bus14,104,iter=112,16,7,10,12345,0.4604,0.5625,59779,0.7413,0.4721,0.4134,35389,0.4389,89
bus14_dtpo-gate_L16_s105,dtpo-gate,bus14,105,iter=140,16,7,10,12345,0.4570,0.5358,71596,0.8878,0.1534,0.4269,50767,0.6296,112
bus14_dtpo-gate_L16_s106,dtpo-gate,bus14,106,iter=106,16,6,10,12345,0.3800,0.4432,64055,0.7943,0.2565,0.4341,73264,0.9085,126
bus14_dtpo-gate_L16_s107,dtpo-gate,bus14,107,iter=60,16,8,10,12345,0.5501,0.7126,37560,0.4658,0.3641,0.5534,29321,0.3636,64
bus14_dtpo-gate_L16_s108,dtpo-gate,bus14,108,iter=16,16,7,10,12345,0.4138,0.4231,73379,0.9100,0.1728,0.1796,33491,0.4153,99
bus14_dtpo-gate_L16_s109,dtpo-gate,bus14,109,iter=149,16,6,10,12345,0.3283,0.3867,62658,0.7770,0.0859,0.0638,45445,0.5636,101
bus14_distill_L16_s100,distill,bus14,100,iter=0,16,7,10,12345,0.5970,0.8194,53570,0.6643,0.5704,0.7735,68655,0.8514,116
bus14_distill_L16_s101,distill,bus14,101,iter=0,16,8,10,12345,0.6052,0.7949,59346,0.7359,0.4731,0.5090,33729,0.4183,88
bus14_distill_L16_s102,distill,bus14,102,iter=0,16,10,10,12345,0.5973,0.7920,52641,0.6528,0.5208,0.6675,62366,0.7734,109
bus14_distill_L16_s103,distill,bus14,103,iter=0,16,9,10,12345,0.5796,0.7639,70321,0.8720,0.4552,0.6508,26302,0.3262,91
bus14_distill_L16_s104,distill,bus14,104,iter=0,16,7,10,12345,0.6073,0.8023,59779,0.7413,0.6266,0.8142,37930,0.4704,92
bus14_distill_L16_s105,distill,bus14,105,iter=0,16,11,10,12345,0.6384,0.8097,71596,0.8878,0.6012,0.8090,49471,0.6135,113
bus14_distill_L16_s106,distill,bus14,106,iter=0,16,9,10,12345,0.5773,0.7499,64055,0.7943,0.3351,0.4010,55575,0.6892,111
bus14_distill_L16_s107,distill,bus14,107,iter=0,16,8,10,12345,0.6511,0.8310,37560,0.4658,0.3176,0.3415,54733,0.6787,87
bus14_distill_L16_s108,distill,bus14,108,iter=0,16,9,10,12345,0.6363,0.8225,73379,0.9100,0.3969,0.4917,64525,0.8002,128
bus14_distill_L16_s109,distill,bus14,109,iter=0,16,9,10,12345,0.6293,0.8000,62658,0.7770,0.5321,0.7421,46222,0.5732,102
bus14_dtpo_L16_s100,dtpo,bus14,100,iter=83,16,9,10,12345,0.0049,0.0022,53570,0.6643,0.0019,0.0006,12128,0.1504,62
bus14_dtpo_L16_s101,dtpo,bus14,101,iter=80,16,9,10,12345,0.2360,0.1468,59346,0.7359,0.0248,0.0301,10656,0.1321,67
bus14_dtpo_L16_s102,dtpo,bus14,102,iter=57,16,9,10,12345,0.0689,0.0375,52641,0.6528,0.0118,0.0181,30890,0.3831,79
bus14_dtpo_L16_s103,dtpo,bus14,103,iter=13,16,6,10,12345,0.0569,0.0379,70321,0.8720,0.0561,0.0803,20925,0.2595,87
bus14_dtpo_L16_s104,dtpo,bus14,104,iter=55,16,6,10,12345,0.0000,0.0000,59779,0.7413,0.0000,0.0000,17735,0.2199,72
bus14_dtpo_L16_s105,dtpo,bus14,105,iter=123,16,9,10,12345,0.0000,0.0000,71596,0.8878,0.0000,0.0000,38653,0.4793,104
bus14_dtpo_L16_s106,dtpo,bus14,106,iter=7,16,11,10,12345,0.0001,0.0000,64055,0.7943,0.0873,0.0513,48899,0.6064,108
bus14_dtpo_L16_s107,dtpo,bus14,107,iter=93,16,8,10,12345,0.2684,0.1501,37560,0.4658,0.0985,0.1242,26274,0.3258,60
bus14_dtpo_L16_s108,dtpo,bus14,108,iter=54,16,6,10,12345,0.1646,0.0879,73379,0.9100,0.0000,0.0000,19905,0.2468,87
bus14_dtpo_L16_s109,dtpo,bus14,109,iter=47,16,6,10,12345,0.2310,0.1251,62658,0.7770,0.0012,0.0001,14996,0.1860,72
bus14_viper_L16_s100,viper,bus14,100,single,16,6,10,12345,0.4587,0.6445,53570,0.6643,0.4247,0.6353,25925,0.3215,74
bus14_viper_L16_s101,viper,bus14,101,single,16,7,10,12345,0.5129,0.6689,59346,0.7359,0.5481,0.6996,16551,0.2052,72
bus14_viper_L16_s102,viper,bus14,102,single,16,7,10,12345,0.4916,0.6322,52641,0.6528,0.0570,0.0704,22919,0.2842,72
bus14_viper_L16_s103,viper,bus14,103,single,16,9,10,12345,0.4157,0.4628,70321,0.8720,0.3831,0.4762,31361,0.3889,96
bus14_viper_L16_s104,viper,bus14,104,single,16,8,10,12345,0.5140,0.6422,59779,0.7413,0.3812,0.7829,65954,0.8179,115
bus14_viper_L16_s105,viper,bus14,105,single,16,9,10,12345,0.3658,0.4247,71596,0.8878,0.4687,0.3885,15583,0.1932,82
bus14_viper_L16_s106,viper,bus14,106,single,16,9,10,12345,0.3721,0.5190,64055,0.7943,0.3212,0.3783,4063,0.0504,64
bus14_viper_L16_s107,viper,bus14,107,single,16,9,10,12345,0.5080,0.6564,37560,0.4658,0.4678,0.5821,58661,0.7274,92
bus14_viper_L16_s108,viper,bus14,108,single,16,8,10,12345,0.4120,0.5451,73379,0.9100,0.3638,0.5115,45571,0.5651,110
bus14_viper_L16_s109,viper,bus14,109,single,16,6,10,12345,0.3697,0.4456,62658,0.7770,0.2940,0.2816,52701,0.6535,108
bus14_dtpo-scratchfull_L16_s100,dtpo-scratchfull,bus14,100,iter=41,16,7,10,12345,0.1426,0.0738,53570,0.6643,0.1442,0.1003,11815,0.1465,62
bus14_dtpo-scratchfull_L16_s101,dtpo-scratchfull,bus14,101,iter=91,16,8,10,12345,0.2900,0.1737,59346,0.7359,0.0025,0.0028,13963,0.1732,69
bus14_dtpo-scratchfull_L16_s102,dtpo-scratchfull,bus14,102,iter=6,16,8,10,12345,0.0026,0.0009,52641,0.6528,0.0021,0.0012,12479,0.1547,64
bus14_dtpo-scratchfull_L16_s103,dtpo-scratchfull,bus14,103,iter=11,16,11,10,12345,0.1468,0.0804,70321,0.8720,0.0011,0.0017,11402,0.1414,77
bus14_dtpo-scratchfull_L16_s104,dtpo-scratchfull,bus14,104,iter=131,16,6,10,12345,0.0869,0.0752,59779,0.7413,0.0152,0.0047,21357,0.2648,76
bus14_dtpo-scratchfull_L16_s105,dtpo-scratchfull,bus14,105,iter=16,16,8,10,12345,0.2943,0.1919,71596,0.8878,0.0000,0.0000,21598,0.2678,86
bus14_dtpo-scratchfull_L16_s106,dtpo-scratchfull,bus14,106,iter=81,16,9,10,12345,0.3011,0.1820,64055,0.7943,0.0003,0.0011,17162,0.2128,76
bus14_dtpo-scratchfull_L16_s107,dtpo-scratchfull,bus14,107,iter=75,16,11,10,12345,0.2733,0.1539,37560,0.4658,0.0104,0.0058,15050,0.1866,50
bus14_dtpo-scratchfull_L16_s108,dtpo-scratchfull,bus14,108,iter=61,16,11,10,12345,0.2680,0.1602,73379,0.9100,0.0000,0.0000,19907,0.2469,87
bus14_dtpo-scratchfull_L16_s109,dtpo-scratchfull,bus14,109,iter=1,16,7,10,12345,0.0177,0.0128,62658,0.7770,0.0004,0.0000,21750,0.2697,80
bus14_daggertree_L16_s100,daggertree,bus14,100,iter=0,16,9,10,12345,0.6145,0.8070,53570,0.6643,0.5679,0.7432,42507,0.5271,90
bus14_daggertree_L16_s101,daggertree,bus14,101,iter=0,16,6,10,12345,0.4719,0.6556,59346,0.7359,0.2447,0.3541,29682,0.3681,83
bus14_daggertree_L16_s102,daggertree,bus14,102,iter=0,16,8,10,12345,0.5297,0.7414,52641,0.6528,0.0243,0.0263,10928,0.1355,60
bus14_daggertree_L16_s103,daggertree,bus14,103,iter=0,16,8,10,12345,0.5082,0.7126,70321,0.8720,0.5601,0.6770,26292,0.3260,92
bus14_daggertree_L16_s104,daggertree,bus14,104,iter=0,16,8,10,12345,0.6023,0.7862,59779,0.7413,0.4396,0.6823,51731,0.6415,103
bus14_daggertree_L16_s105,daggertree,bus14,105,iter=0,16,8,10,12345,0.6211,0.7918,71596,0.8878,0.5119,0.6196,35659,0.4422,100
bus14_daggertree_L16_s106,daggertree,bus14,106,iter=0,16,8,10,12345,0.5525,0.7189,64055,0.7943,0.5009,0.7145,54496,0.6758,111
bus14_daggertree_L16_s107,daggertree,bus14,107,iter=0,16,9,10,12345,0.5608,0.7660,37560,0.4658,0.2752,0.3204,63997,0.7936,95
bus14_daggertree_L16_s108,daggertree,bus14,108,iter=0,16,8,10,12345,0.5210,0.7287,73379,0.9100,0.6348,0.8349,30660,0.3802,98
bus14_daggertree_L16_s109,daggertree,bus14,109,iter=0,16,8,10,12345,0.5735,0.7529,62658,0.7770,0.2162,0.3023,43402,0.5382,98
