name,status,envtag,method,leaves_budget,seed,alg,env,difficulty,leaves_actual,depth,select,report,report_min,report_max,frac100,n_report,bigjumps,candjumps,indist_select,indist_report,indist_frac100
bus14-d1_dtpo-scratchfull_L16_s100,ok,bus14-d1,dtpo-scratchfull,16,100,DTPO,bus14,1,16,11,29.41,27.37,2.75,100.00,5.0,40,0,28,40.50,36.99,5.0
bus14-d1_dtpo-scratchfull_L16_s101,ok,bus14-d1,dtpo-scratchfull,16,101,DTPO,bus14,1,16,8,44.56,47.38,6.32,100.00,10.0,40,0,23,49.78,38.34,12.5
bus14-d1_dtpo-scratchfull_L16_s102,ok,bus14-d1,dtpo-scratchfull,16,102,DTPO,bus14,1,16,6,27.73,21.74,6.30,88.69,0.0,40,1,4,29.88,34.12,10.0
bus14-d1_dtpo-scratchfull_L16_s103,ok,bus14-d1,dtpo-scratchfull,16,103,DTPO,bus14,1,16,12,26.58,28.23,6.32,81.45,0.0,40,0,19,29.04,34.32,0.0
bus14-d1_dtpo-scratchfull_L16_s104,ok,bus14-d1,dtpo-scratchfull,16,104,DTPO,bus14,1,16,10,21.20,21.74,5.37,83.31,0.0,40,0,0,31.51,25.89,0.0
bus14-d1_dtpo_L16_s100,ok,bus14-d1,dtpo,16,100,DTPO,bus14,1,16,6,35.02,25.69,6.31,100.00,2.5,40,0,0,32.76,44.46,7.5
bus14-d1_dtpo_L16_s101,ok,bus14-d1,dtpo,16,101,DTPO,bus14,1,16,9,34.52,44.40,4.68,100.00,32.5,40,2,0,41.64,30.14,22.5
bus14-d1_dtpo_L16_s102,ok,bus14-d1,dtpo,16,102,DTPO,bus14,1,16,8,10.07,3.80,0.04,34.57,0.0,40,0,0,4.88,4.77,0.0
bus14-d1_dtpo_L16_s103,ok,bus14-d1,dtpo,16,103,DTPO,bus14,1,16,6,63.38,56.63,6.32,100.00,30.0,40,15,0,58.79,49.18,17.5
bus14-d1_dtpo_L16_s104,ok,bus14-d1,dtpo,16,104,DTPO,bus14,1,16,6,34.11,34.51,0.06,100.00,2.5,40,5,0,40.74,40.36,5.0
bus14_dagger_s100,ok,bus14,dagger,,100,DAGGER,bus14,0,NA,NA,54.58,38.48,0.06,100.00,27.5,40,5,0,36.59,45.05,27.5
bus14_dagger_s101,ok,bus14,dagger,,101,DAGGER,bus14,0,NA,NA,37.24,43.42,0.05,100.00,27.5,40,6,0,44.27,36.69,17.5
bus14_dagger_s102,ok,bus14,dagger,,102,DAGGER,bus14,0,NA,NA,47.38,33.43,0.04,100.00,15.0,40,8,0,42.41,44.14,30.0
bus14_dagger_s103,ok,bus14,dagger,,103,DAGGER,bus14,0,NA,NA,69.89,67.69,0.09,100.00,47.5,40,6,0,55.93,63.16,42.5
bus14_dagger_s104,ok,bus14,dagger,,104,DAGGER,bus14,0,NA,NA,45.30,46.42,0.04,100.00,25.0,40,4,0,56.08,38.23,10.0
bus14_dagger_s105,ok,bus14,dagger,,105,DAGGER,bus14,0,NA,NA,57.38,53.61,0.99,100.00,37.5,40,7,0,50.18,50.39,30.0
bus14_dagger_s106,ok,bus14,dagger,,106,DAGGER,bus14,0,NA,NA,47.41,60.32,0.21,100.00,37.5,40,6,0,43.82,36.79,25.0
bus14_dagger_s107,ok,bus14,dagger,,107,DAGGER,bus14,0,NA,NA,29.13,21.74,0.04,100.00,7.5,40,6,0,19.11,30.57,15.0
bus14_dagger_s108,ok,bus14,dagger,,108,DAGGER,bus14,0,NA,NA,32.63,26.30,0.04,100.00,15.0,40,5,0,34.40,28.62,22.5
bus14_dagger_s109,ok,bus14,dagger,,109,DAGGER,bus14,0,NA,NA,51.48,57.20,0.20,100.00,35.0,40,5,0,52.45,54.59,30.0
bus14_daggertree-v1repro_L16_s100,ok,bus14,daggertree-v1repro,16,100,DTPO,bus14,0,16,9,47.29,47.29,1.70,48.46,0.0,40,0,0,47.29,47.29,0.0
bus14_daggertree-v1repro_L16_s101,ok,bus14,daggertree-v1repro,16,101,DTPO,bus14,0,16,9,47.29,47.29,1.70,48.46,0.0,40,0,0,47.29,47.29,0.0
bus14_daggertree-v1repro_L16_s102,ok,bus14,daggertree-v1repro,16,102,DTPO,bus14,0,16,9,47.29,47.29,1.70,48.46,0.0,40,0,0,47.29,47.29,0.0
bus14_daggertree-v1repro_L16_s103,ok,bus14,daggertree-v1repro,16,103,DTPO,bus14,0,16,9,47.29,47.29,1.70,48.46,0.0,40,0,0,47.29,47.29,0.0
bus14_daggertree-v1repro_L16_s104,ok,bus14,daggertree-v1repro,16,104,DTPO,bus14,0,16,9,47.29,47.29,1.70,48.46,0.0,40,0,0,47.29,47.29,0.0
bus14_daggertree_L16_s100,ok,bus14,daggertree,16,100,DTPO,bus14,0,16,9,11.95,9.58,0.14,56.27,0.0,40,0,0,15.18,15.73,5.0
bus14_daggertree_L16_s101,ok,bus14,daggertree,16,101,DTPO,bus14,0,16,6,9.65,6.30,1.97,31.39,0.0,40,0,0,7.43,5.79,0.0
bus14_daggertree_L16_s102,ok,bus14,daggertree,16,102,DTPO,bus14,0,16,8,42.93,32.68,0.04,100.00,12.5,40,0,0,41.59,32.24,7.5
bus14_daggertree_L16_s103,ok,bus14,daggertree,16,103,DTPO,bus14,0,16,8,52.16,49.71,6.34,100.00,15.0,40,0,0,50.46,48.37,12.5
bus14_daggertree_L16_s104,ok,bus14,daggertree,16,104,DTPO,bus14,0,16,8,44.78,40.34,0.04,100.00,17.5,40,0,0,43.29,43.60,12.5
bus14_daggertree_L16_s105,ok,bus14,daggertree,16,105,DTPO,bus14,0,16,8,44.17,36.67,0.04,100.00,20.0,40,0,0,40.20,53.62,27.5
bus14_daggertree_L16_s106,ok,bus14,daggertree,16,106,DTPO,bus14,0,16,8,0.06,3.43,0.04,100.00,2.5,40,0,0,0.06,1.33,0.0
bus14_daggertree_L16_s107,ok,bus14,daggertree,16,107,DTPO,bus14,0,16,9,21.34,17.45,2.89,62.48,0.0,40,0,0,16.20,19.60,0.0
bus14_daggertree_L16_s108,ok,bus14,daggertree,16,108,DTPO,bus14,0,16,8,1.76,1.97,0.04,4.82,0.0,40,0,0,1.50,1.58,0.0
bus14_daggertree_L16_s109,ok,bus14,daggertree,16,109,DTPO,bus14,0,16,8,9.53,9.08,1.97,20.72,0.0,40,0,0,10.19,11.08,0.0
bus14_daggertree_L32_s100,ok,bus14,daggertree,32,100,DTPO,bus14,0,32,10,56.48,48.15,3.35,100.00,25.0,40,0,0,45.48,51.49,27.5
bus14_daggertree_L32_s101,ok,bus14,daggertree,32,101,DTPO,bus14,0,32,9,16.90,26.42,0.14,100.00,10.0,40,0,0,20.34,12.32,2.5
bus14_daggertree_L32_s102,ok,bus14,daggertree,32,102,DTPO,bus14,0,32,9,40.00,32.98,0.04,100.00,12.5,40,0,0,45.59,41.34,20.0
bus14_daggertree_L32_s103,ok,bus14,daggertree,32,103,DTPO,bus14,0,32,12,38.71,49.93,2.90,100.00,25.0,40,0,0,46.13,51.59,27.5
bus14_daggertree_L32_s104,ok,bus14,daggertree,32,104,DTPO,bus14,0,32,9,23.28,27.03,0.04,100.00,7.5,40,0,0,42.93,29.38,15.0
bus14_daggertree_L64_s100,ok,bus14,daggertree,64,100,DTPO,bus14,0,64,13,7.08,9.22,0.09,100.00,5.0,40,0,0,3.64,6.92,2.5
bus14_daggertree_L64_s101,ok,bus14,daggertree,64,101,DTPO,bus14,0,64,16,45.19,49.05,0.06,100.00,25.0,40,0,0,46.88,41.88,20.0
bus14_daggertree_L64_s102,ok,bus14,daggertree,64,102,DTPO,bus14,0,64,12,2.23,0.66,0.11,8.11,0.0,40,0,0,2.49,0.91,0.0
bus14_daggertree_L64_s103,ok,bus14,daggertree,64,103,DTPO,bus14,0,64,13,62.72,58.16,0.09,100.00,22.5,40,0,0,54.68,48.46,27.5
bus14_daggertree_L64_s104,ok,bus14,daggertree,64,104,DTPO,bus14,0,64,11,23.61,22.67,0.04,91.03,0.0,40,0,0,23.99,24.91,2.5
bus14_daggertree_L8_s100,ok,bus14,daggertree,8,100,DTPO,bus14,0,8,7,53.48,44.84,6.32,100.00,15.0,40,0,0,50.94,51.00,15.0
bus14_daggertree_L8_s101,ok,bus14,daggertree,8,101,DTPO,bus14,0,8,5,12.64,12.78,4.71,58.78,0.0,40,0,0,12.11,10.45,0.0
bus14_daggertree_L8_s102,ok,bus14,daggertree,8,102,DTPO,bus14,0,8,5,8.87,8.50,0.04,33.61,0.0,40,0,0,10.10,9.53,0.0
bus14_daggertree_L8_s103,ok,bus14,daggertree,8,103,DTPO,bus14,0,8,6,11.80,10.23,2.90,45.66,0.0,40,0,0,9.57,10.30,0.0
bus14_daggertree_L8_s104,ok,bus14,daggertree,8,104,DTPO,bus14,0,8,5,11.32,12.69,0.04,65.44,0.0,40,0,0,14.00,12.40,0.0
bus14_distill-v1repro_L16_s100,ok,bus14,distill-v1repro,16,100,DTPO,bus14,0,16,9,37.78,37.78,0.14,100.00,20.0,40,0,0,37.78,37.78,20.0
bus14_distill-v1repro_L16_s101,ok,bus14,distill-v1repro,16,101,DTPO,bus14,0,16,9,37.78,37.78,0.14,100.00,20.0,40,0,0,37.78,37.78,20.0
bus14_distill-v1repro_L16_s102,ok,bus14,distill-v1repro,16,102,DTPO,bus14,0,16,9,37.78,37.78,0.14,100.00,20.0,40,0,0,37.78,37.78,20.0
bus14_distill-v1repro_L16_s103,ok,bus14,distill-v1repro,16,103,DTPO,bus14,0,16,9,37.78,37.78,0.14,100.00,20.0,40,0,0,37.78,37.78,20.0
bus14_distill-v1repro_L16_s104,ok,bus14,distill-v1repro,16,104,DTPO,bus14,0,16,9,37.78,37.78,0.14,100.00,20.0,40,0,0,37.78,37.78,20.0
bus14_distill_L16_s100,ok,bus14,distill,16,100,DTPO,bus14,0,16,7,68.71,57.30,5.36,100.00,35.0,40,0,0,62.60,70.73,42.5
bus14_distill_L16_s101,ok,bus14,distill,16,101,DTPO,bus14,0,16,8,0.43,0.57,0.06,7.69,0.0,40,0,0,1.05,1.51,0.0
bus14_distill_L16_s102,ok,bus14,distill,16,102,DTPO,bus14,0,16,10,67.54,43.61,0.04,100.00,15.0,40,0,0,58.84,56.02,32.5
bus14_distill_L16_s103,ok,bus14,distill,16,103,DTPO,bus14,0,16,9,49.82,38.45,0.17,100.00,5.0,40,0,0,42.11,39.12,10.0
bus14_distill_L16_s104,ok,bus14,distill,16,104,DTPO,bus14,0,16,7,9.23,8.45,0.04,19.62,0.0,40,0,0,10.27,11.05,0.0
bus14_distill_L16_s105,ok,bus14,distill,16,105,DTPO,bus14,0,16,11,39.68,42.28,0.04,100.00,15.0,40,0,0,42.41,47.84,15.0
bus14_distill_L16_s106,ok,bus14,distill,16,106,DTPO,bus14,0,16,9,14.18,13.70,0.10,100.00,5.0,40,0,0,14.34,22.61,5.0
bus14_distill_L16_s107,ok,bus14,distill,16,107,DTPO,bus14,0,16,8,19.76,27.70,4.79,100.00,15.0,40,0,0,25.42,22.96,5.0
bus14_distill_L16_s108,ok,bus14,distill,16,108,DTPO,bus14,0,16,9,19.25,28.42,0.04,100.00,12.5,40,0,0,19.70,17.22,7.5
bus14_distill_L16_s109,ok,bus14,distill,16,109,DTPO,bus14,0,16,9,37.46,52.96,2.34,100.00,32.5,40,0,0,44.20,40.50,12.5
bus14_distill_L32_s100,ok,bus14,distill,32,100,DTPO,bus14,0,32,10,58.45,43.54,4.70,100.00,17.5,40,0,0,40.75,57.08,35.0
bus14_distill_L32_s102,ok,bus14,distill,32,102,DTPO,bus14,0,32,12,11.60,6.81,0.04,83.42,0.0,40,0,0,8.70,6.90,0.0
bus14_distill_L32_s103,ok,bus14,distill,32,103,DTPO,bus14,0,32,12,11.02,19.67,0.15,100.00,5.0,40,0,0,14.76,13.02,2.5
bus14_distill_L32_s104,ok,bus14,distill,32,104,DTPO,bus14,0,32,9,7.99,8.27,2.89,31.18,0.0,40,0,0,7.61,9.36,0.0
bus14_distill_L64_s100,ok,bus14,distill,64,100,DTPO,bus14,0,64,12,47.58,53.59,5.10,100.00,40.0,40,0,0,54.14,60.70,37.5
bus14_distill_L64_s101,ok,bus14,distill,64,101,DTPO,bus14,0,64,13,2.36,1.95,0.21,6.56,0.0,40,0,0,4.14,2.82,0.0
bus14_distill_L64_s102,ok,bus14,distill,64,102,DTPO,bus14,0,64,14,14.74,7.17,0.04,67.19,0.0,40,0,0,10.88,10.75,0.0
bus14_distill_L64_s103,ok,bus14,distill,64,103,DTPO,bus14,0,64,15,5.96,5.84,0.05,25.38,0.0,40,0,0,7.16,10.18,2.5
bus14_distill_L64_s104,ok,bus14,distill,64,104,DTPO,bus14,0,64,13,2.30,2.19,0.04,12.13,0.0,40,0,0,2.47,3.52,0.0
bus14_distill_L8_s100,ok,bus14,distill,8,100,DTPO,bus14,0,8,6,58.97,39.74,6.32,100.00,10.0,40,0,0,52.41,52.48,15.0
bus14_distill_L8_s102,ok,bus14,distill,8,102,DTPO,bus14,0,8,7,71.53,49.73,0.04,100.00,25.0,40,0,0,63.53,62.86,45.0
bus14_distill_L8_s103,ok,bus14,distill,8,103,DTPO,bus14,0,8,5,64.68,58.74,6.32,100.00,32.5,40,0,0,60.42,56.16,25.0
bus14_distill_L8_s104,ok,bus14,distill,8,104,DTPO,bus14,0,8,4,49.43,46.19,0.04,100.00,20.0,40,0,0,50.98,51.63,17.5
bus14_dtpo-full-M2_L16_s100,ok,bus14,dtpo-full-M2,16,100,DTPO,bus14,0,16,7,78.17,62.64,6.37,100.00,45.0,40,0,2,68.99,71.49,52.5
bus14_dtpo-full-M2_L16_s101,ok,bus14,dtpo-full-M2,16,101,DTPO,bus14,0,16,6,18.69,20.35,0.09,100.00,2.5,40,0,0,28.97,20.36,7.5
bus14_dtpo-full-M2_L16_s102,ok,bus14,dtpo-full-M2,16,102,DTPO,bus14,0,16,6,71.75,53.46,0.04,100.00,27.5,40,,,,,
bus14_dtpo-full-M2_L16_s103,ok,bus14,dtpo-full-M2,16,103,DTPO,bus14,0,16,7,43.12,44.60,6.34,100.00,12.5,40,0,30,45.84,44.94,15.0
bus14_dtpo-full-M2_L16_s104,ok,bus14,dtpo-full-M2,16,104,DTPO,bus14,0,16,5,30.93,31.73,5.22,100.00,5.0,40,0,3,37.46,38.92,10.0
bus14_dtpo-full-M8_L16_s100,ok,bus14,dtpo-full-M8,16,100,DTPO,bus14,0,16,7,77.31,64.45,6.37,100.00,47.5,40,0,8,71.33,74.14,55.0
bus14_dtpo-full-M8_L16_s101,ok,bus14,dtpo-full-M8,16,101,DTPO,bus14,0,16,6,21.99,40.46,0.09,100.00,10.0,40,0,0,43.50,27.04,7.5
bus14_dtpo-full-M8_L16_s102,ok,bus14,dtpo-full-M8,16,102,DTPO,bus14,0,16,6,81.03,52.84,0.04,100.00,35.0,40,0,18,75.17,65.92,50.0
bus14_dtpo-full-M8_L16_s103,ok,bus14,dtpo-full-M8,16,103,DTPO,bus14,0,16,6,44.16,43.30,0.15,100.00,10.0,40,0,9,44.06,45.12,12.5
bus14_dtpo-full-M8_L16_s104,ok,bus14,dtpo-full-M8,16,104,DTPO,bus14,0,16,5,24.65,21.84,5.02,81.49,0.0,40,0,0,28.48,28.45,2.5
bus14_dtpo-full-pat3_L16_s100,ok,bus14,dtpo-full-pat3,16,100,DTPO,bus14,0,16,7,78.17,63.53,6.37,100.00,45.0,40,0,6,69.09,73.41,52.5
bus14_dtpo-full-pat3_L16_s101,ok,bus14,dtpo-full-pat3,16,101,DTPO,bus14,0,16,6,21.50,20.79,4.68,100.00,2.5,40,0,0,35.39,26.01,5.0
bus14_dtpo-full-pat3_L16_s102,ok,bus14,dtpo-full-pat3,16,102,DTPO,bus14,0,16,5,77.95,58.36,0.04,100.00,37.5,40,0,14,66.09,69.16,52.5
bus14_dtpo-full-pat3_L16_s103,ok,bus14,dtpo-full-pat3,16,103,DTPO,bus14,0,16,10,65.88,57.96,6.34,100.00,30.0,40,0,6,57.94,53.18,20.0
bus14_dtpo-full-pat3_L16_s104,ok,bus14,dtpo-full-pat3,16,104,DTPO,bus14,0,16,5,17.67,16.21,4.80,65.69,0.0,40,0,0,21.27,19.65,0.0
bus14_dtpo-full-v1repro_L16_s100,ok,bus14,dtpo-full-v1repro,16,100,DTPO,bus14,0,16,6,62.36,62.36,14.81,63.58,0.0,40,0,22,62.36,62.36,0.0
bus14_dtpo-full-v1repro_L16_s101,ok,bus14,dtpo-full-v1repro,16,101,DTPO,bus14,0,16,6,62.36,62.36,14.81,63.58,0.0,40,0,30,62.36,62.36,0.0
bus14_dtpo-full-v1repro_L16_s102,ok,bus14,dtpo-full-v1repro,16,102,DTPO,bus14,0,16,9,92.84,92.84,13.57,100.00,57.5,40,2,19,92.84,92.84,57.5
bus14_dtpo-full-v1repro_L16_s103,ok,bus14,dtpo-full-v1repro,16,103,DTPO,bus14,0,16,5,62.33,62.33,13.58,63.58,0.0,40,0,20,62.33,62.33,0.0
bus14_dtpo-full-v1repro_L16_s104,ok,bus14,dtpo-full-v1repro,16,104,DTPO,bus14,0,16,6,62.50,62.50,35.01,63.58,0.0,40,0,10,62.50,62.50,0.0
bus14_dtpo-full_L16_s100,ok,bus14,dtpo-full,16,100,DTPO,bus14,0,16,7,78.17,63.53,6.37,100.00,45.0,40,0,2,69.09,73.41,52.5
bus14_dtpo-full_L16_s101,ok,bus14,dtpo-full,16,101,DTPO,bus14,0,16,6,21.99,40.46,0.09,100.00,10.0,40,0,0,43.50,27.04,7.5
bus14_dtpo-full_L16_s102,ok,bus14,dtpo-full,16,102,DTPO,bus14,0,16,6,76.47,48.82,0.04,100.00,22.5,40,0,40,64.18,63.28,40.0
bus14_dtpo-full_L16_s103,ok,bus14,dtpo-full,16,103,DTPO,bus14,0,16,6,46.14,43.01,6.34,100.00,10.0,40,0,36,45.93,47.20,15.0
bus14_dtpo-full_L16_s104,ok,bus14,dtpo-full,16,104,DTPO,bus14,0,16,5,23.50,21.14,5.17,69.39,0.0,40,0,0,27.19,27.99,0.0
bus14_dtpo-full_L16_s105,ok,bus14,dtpo-full,16,105,DTPO,bus14,0,16,6,47.26,53.57,0.06,100.00,30.0,40,0,15,51.34,63.81,40.0
bus14_dtpo-full_L16_s106,ok,bus14,dtpo-full,16,106,DTPO,bus14,0,16,5,75.08,74.48,0.10,100.00,62.5,40,1,10,77.23,78.25,55.0
bus14_dtpo-full_L16_s107,ok,bus14,dtpo-full,16,107,DTPO,bus14,0,16,8,48.85,45.21,6.36,100.00,17.5,40,0,16,44.99,54.88,32.5
bus14_dtpo-full_L16_s108,ok,bus14,dtpo-full,16,108,DTPO,bus14,0,16,9,67.91,67.43,0.04,100.00,37.5,40,0,21,73.69,76.79,52.5
bus14_dtpo-full_L16_s109,ok,bus14,dtpo-full,16,109,DTPO,bus14,0,16,6,50.10,66.54,6.32,100.00,42.5,40,0,18,61.62,45.89,20.0
bus14_dtpo-full_L32_s100,ok,bus14,dtpo-full,32,100,DTPO,bus14,0,32,10,75.32,45.93,6.32,100.00,25.0,40,0,2,61.25,64.53,40.0
bus14_dtpo-full_L32_s101,ok,bus14,dtpo-full,32,101,DTPO,bus14,0,32,8,22.51,27.22,0.06,100.00,2.5,40,0,1,28.76,21.46,2.5
bus14_dtpo-full_L32_s102,ok,bus14,dtpo-full,32,102,DTPO,bus14,0,32,10,15.77,12.43,0.05,100.00,2.5,40,0,0,18.83,15.91,2.5
bus14_dtpo-full_L32_s103,ok,bus14,dtpo-full,32,103,DTPO,bus14,0,32,7,47.57,41.73,0.14,100.00,22.5,40,0,4,51.94,41.25,20.0
bus14_dtpo-full_L32_s104,ok,bus14,dtpo-full,32,104,DTPO,bus14,0,32,9,10.48,13.61,4.75,100.00,2.5,40,0,0,15.53,11.85,0.0
bus14_dtpo-full_L64_s100,ok,bus14,dtpo-full,64,100,DTPO,bus14,0,64,12,58.44,58.22,5.36,100.00,42.5,40,0,61,61.12,63.10,42.5
bus14_dtpo-full_L64_s101,ok,bus14,dtpo-full,64,101,DTPO,bus14,0,64,10,10.56,6.05,0.25,21.38,0.0,40,0,0,11.12,10.00,0.0
bus14_dtpo-full_L64_s102,ok,bus14,dtpo-full,64,102,DTPO,bus14,0,64,11,8.30,8.27,0.04,37.24,0.0,40,0,0,9.35,7.93,0.0
bus14_dtpo-full_L64_s103,ok,bus14,dtpo-full,64,103,DTPO,bus14,0,64,15,5.54,10.03,0.05,60.00,0.0,40,0,0,6.62,6.95,0.0
bus14_dtpo-full_L64_s104,ok,bus14,dtpo-full,64,104,DTPO,bus14,0,64,11,24.81,18.81,0.04,100.00,2.5,40,0,2,16.12,20.81,2.5
bus14_dtpo-full_L8_s100,ok,bus14,dtpo-full,8,100,DTPO,bus14,0,8,5,67.64,47.20,6.32,100.00,17.5,40,0,8,57.81,58.21,27.5
bus14_dtpo-full_L8_s101,ok,bus14,dtpo-full,8,101,DTPO,bus14,0,8,4,22.66,21.80,5.21,60.01,0.0,40,0,0,27.55,18.96,2.5
bus14_dtpo-full_L8_s102,ok,bus14,dtpo-full,8,102,DTPO,bus14,0,8,4,82.32,56.48,0.04,100.00,40.0,40,0,36,70.90,65.55,50.0
bus14_dtpo-full_L8_s103,ok,bus14,dtpo-full,8,103,DTPO,bus14,0,8,4,20.11,21.69,4.71,65.72,0.0,40,0,0,21.49,24.78,5.0
bus14_dtpo-full_L8_s104,ok,bus14,dtpo-full,8,104,DTPO,bus14,0,8,5,48.98,49.31,0.04,100.00,32.5,40,0,36,49.57,52.96,22.5
bus14_dtpo-gate-K1_L16_s100,ok,bus14,dtpo-gate-K1,16,100,DTPO,bus14,0,16,6,65.41,57.55,6.37,100.00,35.0,40,0,18,65.63,69.26,42.5
bus14_dtpo-gate-K1_L16_s101,ok,bus14,dtpo-gate-K1,16,101,DTPO,bus14,0,16,7,19.42,27.22,2.91,100.00,2.5,40,0,0,30.06,23.27,5.0
bus14_dtpo-gate-K1_L16_s102,ok,bus14,dtpo-gate-K1,16,102,DTPO,bus14,0,16,6,83.21,58.09,0.04,100.00,40.0,40,0,4,73.65,62.02,42.5
bus14_dtpo-gate-K1_L16_s103,ok,bus14,dtpo-gate-K1,16,103,DTPO,bus14,0,16,6,53.44,44.76,6.34,100.00,12.5,40,0,8,50.41,46.11,15.0
bus14_dtpo-gate-K1_L16_s104,ok,bus14,dtpo-gate-K1,16,104,DTPO,bus14,0,16,7,10.06,9.77,0.04,34.96,0.0,40,0,0,12.69,11.51,0.0
bus14_dtpo-gate-K1_L16_s105,ok,bus14,dtpo-gate-K1,16,105,DTPO,bus14,0,16,6,40.51,41.60,0.04,100.00,12.5,40,0,5,46.22,51.18,10.0
bus14_dtpo-gate-K1_L16_s106,ok,bus14,dtpo-gate-K1,16,106,DTPO,bus14,0,16,6,23.78,20.65,0.10,100.00,10.0,40,0,0,26.80,26.56,10.0
bus14_dtpo-gate-K1_L16_s107,ok,bus14,dtpo-gate-K1,16,107,DTPO,bus14,0,16,6,35.48,28.37,2.89,100.00,12.5,40,0,0,28.63,32.73,10.0
bus14_dtpo-gate-K1_L16_s108,ok,bus14,dtpo-gate-K1,16,108,DTPO,bus14,0,16,6,53.15,52.04,0.04,100.00,20.0,40,1,18,58.86,54.20,27.5
bus14_dtpo-gate-K1_L16_s109,ok,bus14,dtpo-gate-K1,16,109,DTPO,bus14,0,16,6,63.76,57.85,6.39,100.00,30.0,40,0,20,58.43,56.53,20.0
bus14_dtpo-gate-v1repro_L16_s100,ok,bus14,dtpo-gate-v1repro,16,100,DTPO,bus14,0,16,5,63.58,63.58,63.58,63.58,0.0,40,0,40,63.58,63.58,0.0
bus14_dtpo-gate-v1repro_L16_s101,ok,bus14,dtpo-gate-v1repro,16,101,DTPO,bus14,0,16,5,62.21,62.21,8.90,63.58,0.0,40,0,60,62.21,62.21,0.0
bus14_dtpo-gate-v1repro_L16_s102,ok,bus14,dtpo-gate-v1repro,16,102,DTPO,bus14,0,16,9,100.00,100.00,100.00,100.00,100.0,40,2,53,100.00,100.00,100.0
bus14_dtpo-gate-v1repro_L16_s103,ok,bus14,dtpo-gate-v1repro,16,103,DTPO,bus14,0,16,6,62.02,62.02,37.33,63.58,0.0,40,0,37,62.02,62.02,0.0
bus14_dtpo-gate-v1repro_L16_s104,ok,bus14,dtpo-gate-v1repro,16,104,DTPO,bus14,0,16,6,62.68,62.68,35.01,63.58,0.0,40,0,19,62.68,62.68,0.0
bus14_dtpo-gate_L16_s100,ok,bus14,dtpo-gate,16,100,DTPO,bus14,0,16,7,63.69,60.54,6.37,100.00,42.5,40,0,0,64.22,72.48,50.0
bus14_dtpo-gate_L16_s101,ok,bus14,dtpo-gate,16,101,DTPO,bus14,0,16,6,16.14,22.07,0.09,100.00,5.0,40,0,0,30.34,22.56,7.5
bus14_dtpo-gate_L16_s102,ok,bus14,dtpo-gate,16,102,DTPO,bus14,0,16,6,85.04,65.48,0.04,100.00,50.0,40,0,22,79.23,75.71,60.0
bus14_dtpo-gate_L16_s103,ok,bus14,dtpo-gate,16,103,DTPO,bus14,0,16,6,46.46,39.30,0.14,100.00,17.5,40,0,6,45.12,35.61,7.5
bus14_dtpo-gate_L16_s104,ok,bus14,dtpo-gate,16,104,DTPO,bus14,0,16,7,23.09,20.52,4.76,100.00,2.5,40,0,3,29.91,26.70,0.0
bus14_dtpo-gate_L16_s105,ok,bus14,dtpo-gate,16,105,DTPO,bus14,0,16,7,50.11,56.20,0.04,100.00,30.0,40,0,24,51.34,63.20,37.5
bus14_dtpo-gate_L16_s106,ok,bus14,dtpo-gate,16,106,DTPO,bus14,0,16,6,75.66,82.01,6.39,100.00,67.5,40,2,44,78.46,78.65,57.5
bus14_dtpo-gate_L16_s107,ok,bus14,dtpo-gate,16,107,DTPO,bus14,0,16,8,23.34,21.11,5.27,100.00,5.0,40,0,5,26.53,20.14,2.5
bus14_dtpo-gate_L16_s108,ok,bus14,dtpo-gate,16,108,DTPO,bus14,0,16,7,41.76,43.26,0.04,100.00,10.0,40,1,25,44.12,40.39,5.0
bus14_dtpo-gate_L16_s109,ok,bus14,dtpo-gate,16,109,DTPO,bus14,0,16,6,51.56,53.80,5.34,100.00,17.5,40,1,19,63.20,50.43,15.0
bus14_dtpo-replay-v1repro_L16_s100,ok,bus14,dtpo-replay-v1repro,16,100,DTPO,bus14,0,16,7,63.47,63.47,60.02,63.58,0.0,40,15,0,63.47,63.47,0.0
bus14_dtpo-replay-v1repro_L16_s101,ok,bus14,dtpo-replay-v1repro,16,101,DTPO,bus14,0,16,5,63.45,63.45,60.02,63.58,0.0,40,13,0,63.45,63.45,0.0
bus14_dtpo-replay-v1repro_L16_s102,ok,bus14,dtpo-replay-v1repro,16,102,DTPO,bus14,0,16,9,66.26,66.26,13.54,100.00,25.0,40,12,0,66.26,66.26,25.0
bus14_dtpo-replay-v1repro_L16_s103,ok,bus14,dtpo-replay-v1repro,16,103,DTPO,bus14,0,16,6,62.36,62.36,14.81,63.58,0.0,40,15,0,62.36,62.36,0.0
bus14_dtpo-replay-v1repro_L16_s104,ok,bus14,dtpo-replay-v1repro,16,104,DTPO,bus14,0,16,6,62.50,62.50,35.01,63.58,0.0,40,10,0,62.50,62.50,0.0
bus14_dtpo-replay_L16_s100,ok,bus14,dtpo-replay,16,100,DTPO,bus14,0,16,7,72.39,62.98,6.39,100.00,47.5,40,7,0,70.29,74.43,57.5
bus14_dtpo-replay_L16_s101,ok,bus14,dtpo-replay,16,101,DTPO,bus14,0,16,5,20.42,26.78,2.99,88.53,0.0,40,0,0,31.86,23.65,5.0
bus14_dtpo-replay_L16_s102,ok,bus14,dtpo-replay,16,102,DTPO,bus14,0,16,7,86.14,65.48,0.04,100.00,50.0,40,6,0,78.09,75.71,60.0
bus14_dtpo-replay_L16_s103,ok,bus14,dtpo-replay,16,103,DTPO,bus14,0,16,8,49.12,34.36,0.09,100.00,17.5,40,4,0,45.40,45.54,22.5
bus14_dtpo-replay_L16_s104,ok,bus14,dtpo-replay,16,104,DTPO,bus14,0,16,5,26.78,31.20,4.80,100.00,5.0,40,0,0,36.75,39.21,7.5
bus14_dtpo-replay_L16_s105,ok,bus14,dtpo-replay,16,105,DTPO,bus14,0,16,6,49.78,51.03,0.04,100.00,30.0,40,4,0,49.87,58.24,32.5
bus14_dtpo-replay_L16_s106,ok,bus14,dtpo-replay,16,106,DTPO,bus14,0,16,5,75.58,79.28,6.37,100.00,67.5,40,14,0,72.94,80.93,60.0
bus14_dtpo-replay_L16_s107,ok,bus14,dtpo-replay,16,107,DTPO,bus14,0,16,7,34.05,32.44,6.36,92.24,0.0,40,0,0,28.78,32.51,5.0
bus14_dtpo-replay_L16_s108,ok,bus14,dtpo-replay,16,108,DTPO,bus14,0,16,8,72.16,70.94,0.04,100.00,52.5,40,12,0,79.14,70.88,45.0
bus14_dtpo-replay_L16_s109,ok,bus14,dtpo-replay,16,109,DTPO,bus14,0,16,8,52.24,59.85,6.39,100.00,30.0,40,6,0,52.16,50.69,20.0
bus14_dtpo-scratchfull_L16_s100,ok,bus14,dtpo-scratchfull,16,100,DTPO,bus14,0,16,7,21.09,16.14,4.74,56.23,0.0,40,0,0,21.28,21.23,0.0
bus14_dtpo-scratchfull_L16_s101,ok,bus14,dtpo-scratchfull,16,101,DTPO,bus14,0,16,8,23.81,29.43,4.68,100.00,5.0,40,0,0,26.76,18.85,0.0
bus14_dtpo-scratchfull_L16_s102,ok,bus14,dtpo-scratchfull,16,102,DTPO,bus14,0,16,8,33.49,23.67,0.04,100.00,12.5,40,0,3,30.41,30.47,15.0
bus14_dtpo-scratchfull_L16_s103,ok,bus14,dtpo-scratchfull,16,103,DTPO,bus14,0,16,11,29.10,28.64,4.63,100.00,2.5,40,0,1,20.46,31.08,2.5
bus14_dtpo-scratchfull_L16_s104,ok,bus14,dtpo-scratchfull,16,104,DTPO,bus14,0,16,6,18.19,19.85,0.04,84.72,0.0,40,0,6,27.60,23.71,0.0
bus14_dtpo-scratchfull_L16_s105,ok,bus14,dtpo-scratchfull,16,105,DTPO,bus14,0,16,8,15.89,22.03,0.04,61.79,0.0,40,0,0,22.61,19.06,0.0
bus14_dtpo-scratchfull_L16_s106,ok,bus14,dtpo-scratchfull,16,106,DTPO,bus14,0,16,9,15.27,21.34,4.66,70.62,0.0,40,0,0,18.72,17.54,0.0
bus14_dtpo-scratchfull_L16_s107,ok,bus14,dtpo-scratchfull,16,107,DTPO,bus14,0,16,11,29.32,27.82,2.89,100.00,7.5,40,0,23,28.69,30.31,10.0
bus14_dtpo-scratchfull_L16_s108,ok,bus14,dtpo-scratchfull,16,108,DTPO,bus14,0,16,11,23.69,26.70,0.04,100.00,2.5,40,0,0,23.58,20.00,0.0
bus14_dtpo-scratchfull_L16_s109,ok,bus14,dtpo-scratchfull,16,109,DTPO,bus14,0,16,7,23.17,20.35,5.06,62.35,0.0,40,0,7,21.42,23.20,0.0
bus14_dtpo-scratchgate_L16_s100,ok,bus14,dtpo-scratchgate,16,100,DTPO,bus14,0,16,8,65.91,60.78,6.35,100.00,40.0,40,1,12,61.59,63.97,32.5
bus14_dtpo-scratchgate_L16_s101,ok,bus14,dtpo-scratchgate,16,101,DTPO,bus14,0,16,12,27.10,29.24,6.27,85.00,0.0,40,0,1,31.52,27.69,2.5
bus14_dtpo-scratchgate_L16_s102,ok,bus14,dtpo-scratchgate,16,102,DTPO,bus14,0,16,10,34.23,27.09,0.04,100.00,5.0,40,0,8,40.29,35.27,15.0
bus14_dtpo-scratchgate_L16_s103,ok,bus14,dtpo-scratchgate,16,103,DTPO,bus14,0,16,11,44.03,30.72,4.70,100.00,7.5,40,0,2,35.21,38.14,7.5
bus14_dtpo-scratchgate_L16_s104,ok,bus14,dtpo-scratchgate,16,104,DTPO,bus14,0,16,5,22.56,21.45,0.04,84.72,0.0,40,0,0,30.52,26.16,0.0
bus14_dtpo-scratchgate_L16_s105,ok,bus14,dtpo-scratchgate,16,105,DTPO,bus14,0,16,6,49.21,47.21,0.04,100.00,20.0,40,1,9,50.46,59.68,35.0
bus14_dtpo-scratchgate_L16_s106,ok,bus14,dtpo-scratchgate,16,106,DTPO,bus14,0,16,8,74.22,72.79,4.69,100.00,50.0,40,1,30,72.63,70.52,45.0
bus14_dtpo-scratchgate_L16_s107,ok,bus14,dtpo-scratchgate,16,107,DTPO,bus14,0,16,8,100.00,100.00,100.00,100.00,100.0,40,1,59,97.50,98.91,95.0
bus14_dtpo-scratchgate_L16_s108,ok,bus14,dtpo-scratchgate,16,108,DTPO,bus14,0,16,9,56.33,52.17,0.12,100.00,32.5,40,0,7,35.93,40.45,22.5
bus14_dtpo-scratchgate_L16_s109,ok,bus14,dtpo-scratchgate,16,109,DTPO,bus14,0,16,8,49.17,64.58,6.32,100.00,42.5,40,1,12,61.17,47.63,20.0
bus14_dtpo-v1repro_L16_s100,ok,bus14,dtpo-v1repro,16,100,DTPO,bus14,0,16,7,16.12,16.12,1.12,60.02,0.0,40,0,0,16.12,16.12,0.0
bus14_dtpo-v1repro_L16_s101,ok,bus14,dtpo-v1repro,16,101,DTPO,bus14,0,16,11,14.78,14.78,13.53,63.64,0.0,40,0,0,14.78,14.78,0.0
bus14_dtpo-v1repro_L16_s102,ok,bus14,dtpo-v1repro,16,102,DTPO,bus14,0,16,6,13.57,13.57,13.57,13.57,0.0,40,0,0,13.57,13.57,0.0
bus14_dtpo-v1repro_L16_s103,ok,bus14,dtpo-v1repro,16,103,DTPO,bus14,0,16,11,15.05,15.05,2.38,63.58,0.0,40,0,0,15.05,15.05,0.0
bus14_dtpo-v1repro_L16_s104,ok,bus14,dtpo-v1repro,16,104,DTPO,bus14,0,16,10,100.00,100.00,100.00,100.00,100.0,40,38,0,100.00,100.00,100.0
bus14_dtpo-ws-v1repro_L16_s100,ok,bus14,dtpo-ws-v1repro,16,100,DTPO,bus14,0,16,6,61.06,61.06,13.53,63.58,0.0,40,32,0,61.06,61.06,0.0
bus14_dtpo-ws-v1repro_L16_s101,ok,bus14,dtpo-ws-v1repro,16,101,DTPO,bus14,0,16,6,62.68,62.68,38.49,63.58,0.0,40,6,0,62.68,62.68,0.0
bus14_dtpo-ws-v1repro_L16_s102,ok,bus14,dtpo-ws-v1repro,16,102,DTPO,bus14,0,16,5,64.37,64.37,60.02,100.00,2.5,40,41,0,64.37,64.37,2.5
bus14_dtpo-ws-v1repro_L16_s103,ok,bus14,dtpo-ws-v1repro,16,103,DTPO,bus14,0,16,5,61.09,61.09,35.01,63.58,0.0,40,24,0,61.09,61.09,0.0
bus14_dtpo-ws-v1repro_L16_s104,ok,bus14,dtpo-ws-v1repro,16,104,DTPO,bus14,0,16,6,61.52,61.52,13.54,63.58,0.0,40,3,0,61.52,61.52,0.0
bus14_dtpo-ws_L16_s100,ok,bus14,dtpo-ws,16,100,DTPO,bus14,0,16,5,68.17,57.87,6.37,100.00,37.5,40,7,0,63.27,70.50,45.0
bus14_dtpo-ws_L16_s101,ok,bus14,dtpo-ws,16,101,DTPO,bus14,0,16,8,21.64,29.74,5.33,100.00,2.5,40,0,0,31.19,29.45,7.5
bus14_dtpo-ws_L16_s102,ok,bus14,dtpo-ws,16,102,DTPO,bus14,0,16,6,84.18,59.26,0.04,100.00,42.5,40,30,0,75.01,68.41,50.0
bus14_dtpo-ws_L16_s103,ok,bus14,dtpo-ws,16,103,DTPO,bus14,0,16,6,35.97,44.54,2.80,100.00,12.5,40,2,0,40.69,37.25,10.0
bus14_dtpo-ws_L16_s104,ok,bus14,dtpo-ws,16,104,DTPO,bus14,0,16,5,33.68,29.00,1.12,100.00,2.5,40,1,0,34.17,34.83,2.5
bus14_dtpo-ws_L16_s105,ok,bus14,dtpo-ws,16,105,DTPO,bus14,0,16,6,58.59,57.13,0.04,100.00,35.0,40,16,0,52.17,65.13,40.0
bus14_dtpo-ws_L16_s106,ok,bus14,dtpo-ws,16,106,DTPO,bus14,0,16,5,65.99,56.77,6.37,100.00,25.0,40,7,0,67.59,69.25,35.0
bus14_dtpo-ws_L16_s107,ok,bus14,dtpo-ws,16,107,DTPO,bus14,0,16,7,42.78,37.61,6.30,100.00,10.0,40,2,0,39.28,29.69,0.0
bus14_dtpo-ws_L16_s108,ok,bus14,dtpo-ws,16,108,DTPO,bus14,0,16,7,48.97,54.22,0.04,100.00,22.5,40,3,0,59.56,55.96,32.5
bus14_dtpo-ws_L16_s109,ok,bus14,dtpo-ws,16,109,DTPO,bus14,0,16,6,52.66,62.37,6.36,100.00,35.0,40,12,0,62.66,60.03,30.0
bus14_dtpo_L16_s100,ok,bus14,dtpo,16,100,DTPO,bus14,0,16,9,21.73,17.07,4.72,56.34,0.0,40,0,0,23.32,20.34,0.0
bus14_dtpo_L16_s101,ok,bus14,dtpo,16,101,DTPO,bus14,0,16,9,18.33,25.27,4.68,86.88,0.0,40,0,0,24.25,15.71,0.0
bus14_dtpo_L16_s102,ok,bus14,dtpo,16,102,DTPO,bus14,0,16,9,68.52,42.65,6.30,100.00,22.5,40,3,0,59.61,54.75,27.5
bus14_dtpo_L16_s103,ok,bus14,dtpo,16,103,DTPO,bus14,0,16,6,27.44,28.57,2.93,100.00,2.5,40,0,0,22.84,27.39,2.5
bus14_dtpo_L16_s104,ok,bus14,dtpo,16,104,DTPO,bus14,0,16,6,22.56,21.96,5.38,84.72,0.0,40,0,0,31.56,26.25,0.0
bus14_dtpo_L16_s105,ok,bus14,dtpo,16,105,DTPO,bus14,0,16,9,67.90,70.60,5.33,100.00,50.0,40,18,0,73.51,65.96,37.5
bus14_dtpo_L16_s106,ok,bus14,dtpo,16,106,DTPO,bus14,0,16,11,62.06,59.79,8.42,100.00,30.0,40,3,0,68.53,56.97,27.5
bus14_dtpo_L16_s107,ok,bus14,dtpo,16,107,DTPO,bus14,0,16,8,39.29,30.86,2.94,100.00,5.0,40,0,0,34.74,38.77,20.0
bus14_dtpo_L16_s108,ok,bus14,dtpo,16,108,DTPO,bus14,0,16,6,22.80,26.52,0.04,90.71,0.0,40,2,0,22.64,18.34,0.0
bus14_dtpo_L16_s109,ok,bus14,dtpo,16,109,DTPO,bus14,0,16,6,27.46,30.66,2.86,100.00,7.5,40,0,0,27.98,21.33,0.0
bus14_viper-v1repro_L16_s100,ok,bus14,viper-v1repro,16,100,VIPER,bus14,0,16,8,13.63,13.63,8.30,29.95,0.0,40,25,0,13.63,13.63,0.0
bus14_viper-v1repro_L16_s101,ok,bus14,viper-v1repro,16,101,VIPER,bus14,0,16,8,13.63,13.63,8.30,29.95,0.0,40,21,0,13.63,13.63,0.0
bus14_viper-v1repro_L16_s102,ok,bus14,viper-v1repro,16,102,VIPER,bus14,0,16,9,36.01,36.01,8.59,63.58,0.0,40,0,0,36.01,36.01,0.0
bus14_viper-v1repro_L16_s103,ok,bus14,viper-v1repro,16,103,VIPER,bus14,0,16,8,13.63,13.63,8.30,29.95,0.0,40,21,0,13.63,13.63,0.0
bus14_viper-v1repro_L16_s104,ok,bus14,viper-v1repro,16,104,VIPER,bus14,0,16,8,63.58,63.58,63.58,63.58,0.0,40,3,0,63.58,63.58,0.0
bus14_viper_L16_s100,ok,bus14,viper,16,100,VIPER,bus14,0,16,6,19.23,14.63,4.69,56.31,0.0,40,22,0,20.33,17.73,0.0
bus14_viper_L16_s101,ok,bus14,viper,16,101,VIPER,bus14,0,16,7,25.35,29.41,6.32,100.00,2.5,40,13,0,31.18,23.77,5.0
bus14_viper_L16_s102,ok,bus14,viper,16,102,VIPER,bus14,0,16,7,84.34,62.49,0.04,100.00,45.0,40,13,0,75.17,70.20,57.5
bus14_viper_L16_s103,ok,bus14,viper,16,103,VIPER,bus14,0,16,9,50.93,47.91,6.32,100.00,22.5,40,20,0,47.20,46.54,17.5
bus14_viper_L16_s104,ok,bus14,viper,16,104,VIPER,bus14,0,16,8,29.33,43.24,0.04,100.00,15.0,40,13,0,33.51,24.95,5.0
bus14_viper_L16_s105,ok,bus14,viper,16,105,VIPER,bus14,0,16,9,22.55,21.38,0.04,100.00,2.5,40,21,0,23.00,23.32,0.0
bus14_viper_L16_s106,ok,bus14,viper,16,106,VIPER,bus14,0,16,9,5.88,7.54,0.06,38.05,0.0,40,18,0,11.71,6.31,0.0
bus14_viper_L16_s107,ok,bus14,viper,16,107,VIPER,bus14,0,16,9,29.45,19.30,5.22,100.00,7.5,40,11,0,17.86,19.96,10.0
bus14_viper_L16_s108,ok,bus14,viper,16,108,VIPER,bus14,0,16,8,23.72,28.10,0.04,74.29,0.0,40,25,0,25.48,26.78,0.0
bus14_viper_L16_s109,ok,bus14,viper,16,109,VIPER,bus14,0,16,6,50.41,64.43,6.27,100.00,40.0,40,16,0,59.52,49.95,25.0
bus14_viper_L32_s100,ok,bus14,viper,32,100,VIPER,bus14,0,32,9,45.69,38.12,4.77,100.00,7.5,40,15,0,41.91,42.92,10.0
bus14_viper_L32_s101,ok,bus14,viper,32,101,VIPER,bus14,0,32,12,35.54,43.60,2.91,100.00,12.5,40,17,0,54.00,36.05,15.0
bus14_viper_L32_s102,ok,bus14,viper,32,102,VIPER,bus14,0,32,12,48.35,27.42,0.04,100.00,7.5,40,8,0,40.45,30.70,5.0
bus14_viper_L32_s103,ok,bus14,viper,32,103,VIPER,bus14,0,32,12,47.54,45.83,6.34,100.00,10.0,40,21,0,46.89,45.33,12.5
bus14_viper_L32_s104,ok,bus14,viper,32,104,VIPER,bus14,0,32,8,7.48,5.84,0.04,17.24,0.0,40,17,0,8.30,8.06,0.0
bus14_viper_L64_s100,ok,bus14,viper,64,100,VIPER,bus14,0,64,11,24.65,17.16,0.98,100.00,2.5,40,17,0,31.46,23.00,2.5
bus14_viper_L64_s101,ok,bus14,viper,64,101,VIPER,bus14,0,64,12,31.65,31.94,3.22,100.00,7.5,40,16,0,33.28,22.01,5.0
bus14_viper_L64_s102,ok,bus14,viper,64,102,VIPER,bus14,0,64,12,17.77,15.05,0.04,100.00,2.5,40,15,0,20.22,22.06,2.5
bus14_viper_L64_s103,ok,bus14,viper,64,103,VIPER,bus14,0,64,11,6.87,7.00,0.07,17.13,0.0,40,22,0,6.80,7.62,0.0
bus14_viper_L64_s104,ok,bus14,viper,64,104,VIPER,bus14,0,64,12,37.37,37.42,0.04,100.00,5.0,40,8,0,47.37,42.21,15.0
bus14_viper_L8_s100,ok,bus14,viper,8,100,VIPER,bus14,0,8,5,56.09,38.43,5.36,100.00,10.0,40,6,0,50.62,47.97,12.5
bus14_viper_L8_s102,ok,bus14,viper,8,102,VIPER,bus14,0,8,5,55.03,31.73,0.04,100.00,5.0,40,21,0,46.24,45.82,17.5
bus14_viper_L8_s103,ok,bus14,viper,8,103,VIPER,bus14,0,8,5,64.67,54.63,2.90,100.00,17.5,40,8,0,54.60,66.16,37.5
bus14_viper_L8_s104,ok,bus14,viper,8,104,VIPER,bus14,0,8,4,14.74,18.15,0.04,65.59,0.0,40,16,0,21.06,19.17,0.0
bus36-M_daggertree_L16_s100,ok,bus36-M,daggertree,16,100,DTPO,bus36-M,0,16,7,29.78,23.44,0.12,100.00,5.0,40,0,0,19.99,15.26,0.0
bus36-M_daggertree_L16_s101,ok,bus36-M,daggertree,16,101,DTPO,bus36-M,0,16,9,24.64,24.62,0.12,100.00,10.0,40,0,0,16.82,16.21,0.0
bus36-M_daggertree_L16_s102,ok,bus36-M,daggertree,16,102,DTPO,bus36-M,0,16,10,7.32,13.37,0.05,100.00,2.5,40,0,0,13.79,12.88,0.0
bus36-M_daggertree_L16_s103,ok,bus36-M,daggertree,16,103,DTPO,bus36-M,0,16,6,37.47,21.05,1.34,80.04,0.0,40,0,0,31.32,27.91,7.5
bus36-M_daggertree_L16_s104,ok,bus36-M,daggertree,16,104,DTPO,bus36-M,0,16,9,10.30,10.29,0.05,100.00,2.5,40,0,0,10.63,15.71,0.0
bus36-M_distill_L16_s100,ok,bus36-M,distill,16,100,DTPO,bus36-M,0,16,7,32.66,25.12,0.12,100.00,5.0,40,0,0,21.09,19.95,0.0
bus36-M_distill_L16_s101,ok,bus36-M,distill,16,101,DTPO,bus36-M,0,16,9,21.36,17.37,0.12,100.00,2.5,40,0,0,13.32,16.76,0.0
bus36-M_distill_L16_s102,ok,bus36-M,distill,16,102,DTPO,bus36-M,0,16,9,27.38,23.80,0.05,100.00,2.5,40,0,0,28.93,27.47,7.5
bus36-M_distill_L16_s103,ok,bus36-M,distill,16,103,DTPO,bus36-M,0,16,6,37.47,21.05,1.34,80.04,0.0,40,0,0,31.32,27.91,7.5
bus36-M_distill_L16_s104,ok,bus36-M,distill,16,104,DTPO,bus36-M,0,16,8,11.11,11.52,0.05,100.00,2.5,40,0,0,11.97,15.77,0.0
bus36-M_distill_L32_s100,ok,bus36-M,distill,32,100,DTPO,bus36-M,0,32,9,27.82,23.22,0.12,100.00,5.0,40,0,0,19.07,14.90,0.0
bus36-M_distill_L32_s101,ok,bus36-M,distill,32,101,DTPO,bus36-M,0,32,16,22.82,20.32,0.12,100.00,5.0,40,0,0,13.58,16.51,0.0
bus36-M_distill_L32_s102,ok,bus36-M,distill,32,102,DTPO,bus36-M,0,32,14,7.42,13.51,0.05,100.00,2.5,40,0,0,13.76,12.87,0.0
bus36-M_distill_L32_s103,ok,bus36-M,distill,32,103,DTPO,bus36-M,0,32,10,28.13,18.02,1.34,80.04,0.0,40,0,0,26.35,22.94,5.0
bus36-M_distill_L32_s104,ok,bus36-M,distill,32,104,DTPO,bus36-M,0,32,14,11.11,11.52,0.05,100.00,2.5,40,0,0,11.97,15.77,0.0
bus36-M_distill_L64_s100,ok,bus36-M,distill,64,100,DTPO,bus36-M,0,64,12,27.82,23.18,0.12,100.00,5.0,40,0,0,19.07,14.71,0.0
bus36-M_distill_L64_s101,ok,bus36-M,distill,64,101,DTPO,bus36-M,0,64,23,23.07,16.27,0.12,100.00,5.0,40,0,0,14.28,14.56,0.0
bus36-M_distill_L64_s102,ok,bus36-M,distill,64,102,DTPO,bus36-M,0,64,22,7.42,13.51,0.05,100.00,2.5,40,0,0,13.76,12.87,0.0
bus36-M_distill_L64_s103,ok,bus36-M,distill,64,103,DTPO,bus36-M,0,64,15,28.13,18.02,1.34,80.04,0.0,40,0,0,26.35,22.94,5.0
bus36-M_distill_L64_s104,ok,bus36-M,distill,64,104,DTPO,bus36-M,0,64,16,11.11,11.52,0.05,100.00,2.5,40,0,0,11.97,15.77,0.0
bus36-M_distill_L8_s100,ok,bus36-M,distill,8,100,DTPO,bus36-M,0,8,5,32.66,25.24,0.12,100.00,5.0,40,0,0,21.09,19.95,0.0
bus36-M_distill_L8_s101,ok,bus36-M,distill,8,101,DTPO,bus36-M,0,8,4,22.73,25.45,0.12,100.00,5.0,40,0,0,17.11,16.61,0.0
bus36-M_distill_L8_s102,ok,bus36-M,distill,8,102,DTPO,bus36-M,0,8,5,27.38,23.80,0.05,100.00,2.5,40,0,0,28.93,27.47,7.5
bus36-M_distill_L8_s103,ok,bus36-M,distill,8,103,DTPO,bus36-M,0,8,5,37.47,21.05,1.34,80.04,0.0,40,0,0,31.32,27.91,7.5
bus36-M_distill_L8_s104,ok,bus36-M,distill,8,104,DTPO,bus36-M,0,8,4,24.77,22.61,0.05,100.00,10.0,40,0,0,25.08,30.22,2.5
bus36-M_dtpo-full_L16_s100,ok,bus36-M,dtpo-full,16,100,DTPO,bus36-M,0,16,9,31.16,24.22,0.12,100.00,2.5,40,0,0,18.44,19.24,0.0
bus36-M_dtpo-full_L16_s101,ok,bus36-M,dtpo-full,16,101,DTPO,bus36-M,0,16,6,29.56,26.72,0.12,100.00,10.0,40,0,0,20.19,18.72,0.0
bus36-M_dtpo-full_L16_s102,ok,bus36-M,dtpo-full,16,102,DTPO,bus36-M,0,16,11,27.38,23.80,0.05,100.00,2.5,40,0,0,28.93,27.47,7.5
bus36-M_dtpo-full_L16_s103,ok,bus36-M,dtpo-full,16,103,DTPO,bus36-M,0,16,8,37.47,21.05,1.34,80.04,0.0,40,0,0,31.32,27.91,7.5
bus36-M_dtpo-full_L16_s104,ok,bus36-M,dtpo-full,16,104,DTPO,bus36-M,0,16,8,24.77,22.61,0.05,100.00,10.0,40,0,0,25.08,30.22,2.5
bus36-M_dtpo-full_L32_s100,ok,bus36-M,dtpo-full,32,100,DTPO,bus36-M,0,32,10,30.35,25.06,0.12,100.00,5.0,40,0,0,21.14,19.95,0.0
bus36-M_dtpo-full_L32_s101,ok,bus36-M,dtpo-full,32,101,DTPO,bus36-M,0,32,12,29.56,26.72,0.12,100.00,10.0,40,0,0,20.04,18.72,0.0
bus36-M_dtpo-full_L32_s102,ok,bus36-M,dtpo-full,32,102,DTPO,bus36-M,0,32,12,27.38,23.80,0.05,100.00,2.5,40,0,0,28.93,27.47,7.5
bus36-M_dtpo-full_L32_s103,ok,bus36-M,dtpo-full,32,103,DTPO,bus36-M,0,32,14,37.47,20.64,1.34,80.04,0.0,40,0,0,28.50,27.91,7.5
bus36-M_dtpo-full_L32_s104,ok,bus36-M,dtpo-full,32,104,DTPO,bus36-M,0,21,8,24.77,22.61,0.05,100.00,10.0,40,0,0,25.08,30.22,2.5
bus36-M_dtpo-full_L64_s100,ok,bus36-M,dtpo-full,64,100,DTPO,bus36-M,0,64,13,32.54,25.17,0.12,100.00,5.0,40,0,0,20.65,19.93,0.0
bus36-M_dtpo-full_L64_s101,ok,bus36-M,dtpo-full,64,101,DTPO,bus36-M,0,64,23,28.97,25.54,0.12,100.00,10.0,40,0,0,19.71,18.31,0.0
bus36-M_dtpo-full_L64_s102,ok,bus36-M,dtpo-full,64,102,DTPO,bus36-M,0,64,15,27.38,23.80,0.05,100.00,2.5,40,0,0,28.93,27.47,7.5
bus36-M_dtpo-full_L64_s103,ok,bus36-M,dtpo-full,64,103,DTPO,bus36-M,0,64,12,37.47,21.05,1.34,80.04,0.0,40,0,0,29.23,27.91,7.5
bus36-M_dtpo-full_L64_s104,ok,bus36-M,dtpo-full,64,104,DTPO,bus36-M,0,16,6,24.77,22.61,0.05,100.00,10.0,40,0,0,25.08,30.22,2.5
bus36-M_dtpo-full_L8_s100,ok,bus36-M,dtpo-full,8,100,DTPO,bus36-M,0,8,5,32.66,25.24,0.12,100.00,5.0,40,0,0,21.09,19.95,0.0
bus36-M_dtpo-full_L8_s101,ok,bus36-M,dtpo-full,8,101,DTPO,bus36-M,0,8,5,29.56,26.72,0.12,100.00,10.0,40,0,0,20.19,18.72,0.0
bus36-M_dtpo-full_L8_s102,ok,bus36-M,dtpo-full,8,102,DTPO,bus36-M,0,8,6,27.38,23.80,0.05,100.00,2.5,40,0,0,28.93,27.47,7.5
bus36-M_dtpo-full_L8_s103,ok,bus36-M,dtpo-full,8,103,DTPO,bus36-M,0,8,4,37.47,21.05,1.34,80.04,0.0,40,0,0,31.32,27.91,7.5
bus36-M_dtpo-full_L8_s104,ok,bus36-M,dtpo-full,8,104,DTPO,bus36-M,0,8,5,24.77,22.61,0.05,100.00,10.0,40,0,0,25.08,30.22,2.5
bus36-M_dtpo-gate-K1_L16_s100,ok,bus36-M,dtpo-gate-K1,16,100,DTPO,bus36-M,0,16,9,31.68,24.98,0.12,100.00,5.0,40,0,0,21.09,19.95,0.0
bus36-M_dtpo-gate-K1_L16_s101,ok,bus36-M,dtpo-gate-K1,16,101,DTPO,bus36-M,0,16,9,29.56,26.72,0.12,100.00,10.0,40,0,0,20.19,18.72,0.0
bus36-M_dtpo-gate-K1_L16_s102,ok,bus36-M,dtpo-gate-K1,16,102,DTPO,bus36-M,0,16,11,27.38,23.80,0.05,100.00,2.5,40,0,0,28.93,27.47,7.5
bus36-M_dtpo-gate-K1_L16_s103,ok,bus36-M,dtpo-gate-K1,16,103,DTPO,bus36-M,0,16,8,37.47,21.05,1.34,80.04,0.0,40,0,0,31.32,27.91,7.5
bus36-M_dtpo-gate-K1_L16_s104,ok,bus36-M,dtpo-gate-K1,16,104,DTPO,bus36-M,0,1,0,24.77,22.61,0.05,100.00,10.0,40,0,0,25.08,30.22,2.5
bus36-M_dtpo-gate_L16_s100,ok,bus36-M,dtpo-gate,16,100,DTPO,bus36-M,0,16,7,32.66,25.24,0.12,100.00,5.0,40,0,0,21.09,19.95,0.0
bus36-M_dtpo-gate_L16_s101,ok,bus36-M,dtpo-gate,16,101,DTPO,bus36-M,0,16,8,29.56,26.72,0.12,100.00,10.0,40,0,0,20.19,18.72,0.0
bus36-M_dtpo-gate_L16_s102,ok,bus36-M,dtpo-gate,16,102,DTPO,bus36-M,0,16,11,27.38,23.80,0.05,100.00,2.5,40,0,0,28.93,27.47,7.5
bus36-M_dtpo-gate_L16_s103,ok,bus36-M,dtpo-gate,16,103,DTPO,bus36-M,0,16,8,37.47,21.05,1.34,80.04,0.0,40,0,0,31.32,27.91,7.5
bus36-M_dtpo-gate_L16_s104,ok,bus36-M,dtpo-gate,16,104,DTPO,bus36-M,0,7,6,24.77,22.61,0.05,100.00,10.0,40,0,0,25.08,30.22,2.5
bus36-M_dtpo-replay_L16_s100,ok,bus36-M,dtpo-replay,16,100,DTPO,bus36-M,0,16,7,32.66,25.24,0.12,100.00,5.0,40,0,0,21.09,19.95,0.0
bus36-M_dtpo-replay_L16_s101,ok,bus36-M,dtpo-replay,16,101,DTPO,bus36-M,0,16,7,29.56,26.72,0.12,100.00,10.0,40,0,0,20.19,18.72,0.0
bus36-M_dtpo-replay_L16_s102,ok,bus36-M,dtpo-replay,16,102,DTPO,bus36-M,0,16,11,27.38,23.80,0.05,100.00,2.5,40,0,0,28.93,27.47,7.5
bus36-M_dtpo-replay_L16_s103,ok,bus36-M,dtpo-replay,16,103,DTPO,bus36-M,0,16,8,37.47,21.05,1.34,80.04,0.0,40,0,0,31.32,27.91,7.5
bus36-M_dtpo-replay_L16_s104,ok,bus36-M,dtpo-replay,16,104,DTPO,bus36-M,0,16,8,24.77,22.61,0.05,100.00,10.0,40,0,0,25.08,30.22,2.5
bus36-M_dtpo-scratchfull_L16_s100,ok,bus36-M,dtpo-scratchfull,16,100,DTPO,bus36-M,0,16,8,32.66,25.24,0.12,100.00,5.0,40,0,0,21.09,19.95,0.0
bus36-M_dtpo-scratchfull_L16_s101,ok,bus36-M,dtpo-scratchfull,16,101,DTPO,bus36-M,0,16,12,29.56,26.72,0.12,100.00,10.0,40,0,0,20.19,18.72,0.0
bus36-M_dtpo-scratchfull_L16_s102,ok,bus36-M,dtpo-scratchfull,16,102,DTPO,bus36-M,0,16,6,27.38,23.80,0.05,100.00,2.5,40,0,0,28.93,27.47,7.5
bus36-M_dtpo-scratchfull_L16_s103,ok,bus36-M,dtpo-scratchfull,16,103,DTPO,bus36-M,0,16,9,37.47,21.05,1.34,80.04,0.0,40,0,0,31.32,27.91,7.5
bus36-M_dtpo-scratchfull_L16_s104,ok,bus36-M,dtpo-scratchfull,16,104,DTPO,bus36-M,0,16,9,24.77,22.61,0.05,100.00,10.0,40,0,0,25.08,30.22,2.5
bus36-M_dtpo-scratchgate_L16_s100,ok,bus36-M,dtpo-scratchgate,16,100,DTPO,bus36-M,0,16,6,32.66,25.24,0.12,100.00,5.0,40,0,0,21.09,19.95,0.0
bus36-M_dtpo-scratchgate_L16_s101,ok,bus36-M,dtpo-scratchgate,16,101,DTPO,bus36-M,0,16,8,29.56,26.72,0.12,100.00,10.0,40,0,0,20.19,18.72,0.0
bus36-M_dtpo-scratchgate_L16_s102,ok,bus36-M,dtpo-scratchgate,16,102,DTPO,bus36-M,0,16,6,27.38,23.80,0.05,100.00,2.5,40,0,0,28.93,27.47,7.5
bus36-M_dtpo-scratchgate_L16_s103,ok,bus36-M,dtpo-scratchgate,16,103,DTPO,bus36-M,0,16,9,37.47,21.05,1.34,80.04,0.0,40,0,0,31.32,27.91,7.5
bus36-M_dtpo-scratchgate_L16_s104,ok,bus36-M,dtpo-scratchgate,16,104,DTPO,bus36-M,0,16,8,24.77,22.61,0.05,100.00,10.0,40,0,0,25.08,30.22,2.5
bus36-M_dtpo-ws_L16_s100,ok,bus36-M,dtpo-ws,16,100,DTPO,bus36-M,0,16,7,32.66,25.24,0.12,100.00,5.0,40,0,0,21.09,19.95,0.0
bus36-M_dtpo-ws_L16_s101,ok,bus36-M,dtpo-ws,16,101,DTPO,bus36-M,0,16,7,29.56,26.72,0.12,100.00,10.0,40,0,0,20.19,18.72,0.0
bus36-M_dtpo-ws_L16_s102,ok,bus36-M,dtpo-ws,16,102,DTPO,bus36-M,0,16,11,27.38,23.80,0.05,100.00,2.5,40,0,0,28.93,27.47,7.5
bus36-M_dtpo-ws_L16_s103,ok,bus36-M,dtpo-ws,16,103,DTPO,bus36-M,0,16,8,37.47,21.05,1.34,80.04,0.0,40,0,0,31.32,27.91,7.5
bus36-M_dtpo-ws_L16_s104,ok,bus36-M,dtpo-ws,16,104,DTPO,bus36-M,0,1,0,24.77,22.61,0.05,100.00,10.0,40,0,0,25.08,30.22,2.5
bus36-M_dtpo_L16_s100,ok,bus36-M,dtpo,16,100,DTPO,bus36-M,0,16,6,32.66,25.24,0.12,100.00,5.0,40,0,0,21.09,19.95,0.0
bus36-M_dtpo_L16_s101,ok,bus36-M,dtpo,16,101,DTPO,bus36-M,0,16,8,29.56,26.72,0.12,100.00,10.0,40,0,0,20.19,18.72,0.0
bus36-M_dtpo_L16_s102,ok,bus36-M,dtpo,16,102,DTPO,bus36-M,0,16,6,27.38,23.80,0.05,100.00,2.5,40,0,0,28.93,27.47,7.5
bus36-M_dtpo_L16_s103,ok,bus36-M,dtpo,16,103,DTPO,bus36-M,0,16,9,37.47,21.05,1.34,80.04,0.0,40,0,0,31.32,27.91,7.5
bus36-M_dtpo_L16_s104,ok,bus36-M,dtpo,16,104,DTPO,bus36-M,0,16,8,24.77,22.61,0.05,100.00,10.0,40,0,0,25.08,30.22,2.5
bus36-M_viper_L16_s100,ok,bus36-M,viper,16,100,VIPER,bus36-M,0,16,7,32.66,25.24,0.12,100.00,5.0,40,11,0,21.09,19.95,0.0
bus36-M_viper_L16_s101,ok,bus36-M,viper,16,101,VIPER,bus36-M,0,16,5,16.85,16.10,0.12,100.00,5.0,40,17,0,15.63,12.56,0.0
bus36-M_viper_L16_s102,ok,bus36-M,viper,16,102,VIPER,bus36-M,0,16,7,8.24,13.40,0.05,100.00,2.5,40,15,0,16.95,15.36,2.5
bus36-M_viper_L16_s103,ok,bus36-M,viper,16,103,VIPER,bus36-M,0,16,5,15.32,11.18,0.30,57.33,0.0,40,25,0,16.74,13.98,0.0
bus36-M_viper_L16_s104,ok,bus36-M,viper,16,104,VIPER,bus36-M,0,16,7,11.60,11.82,0.05,100.00,5.0,40,19,0,13.32,15.66,0.0
bus36-M_viper_L32_s100,ok,bus36-M,viper,32,100,VIPER,bus36-M,0,32,9,31.93,25.03,0.12,100.00,2.5,40,11,0,21.09,19.39,0.0
bus36-M_viper_L32_s101,ok,bus36-M,viper,32,101,VIPER,bus36-M,0,32,9,28.22,25.58,0.12,100.00,10.0,40,18,0,19.17,17.05,0.0
bus36-M_viper_L32_s102,ok,bus36-M,viper,32,102,VIPER,bus36-M,0,32,8,9.12,14.64,0.05,100.00,2.5,40,21,0,15.65,13.45,0.0
bus36-M_viper_L32_s103,ok,bus36-M,viper,32,103,VIPER,bus36-M,0,32,8,11.66,7.07,0.30,51.39,0.0,40,25,0,14.93,11.72,0.0
bus36-M_viper_L32_s104,ok,bus36-M,viper,32,104,VIPER,bus36-M,0,32,12,10.67,12.37,0.05,100.00,2.5,40,19,0,13.06,15.38,0.0
bus36-M_viper_L64_s100,ok,bus36-M,viper,64,100,VIPER,bus36-M,0,64,12,25.20,24.44,0.12,100.00,2.5,40,11,0,20.66,14.96,0.0
bus36-M_viper_L64_s101,ok,bus36-M,viper,64,101,VIPER,bus36-M,0,64,12,14.47,14.55,0.12,100.00,5.0,40,17,0,13.45,12.11,0.0
bus36-M_viper_L64_s102,ok,bus36-M,viper,64,102,VIPER,bus36-M,0,64,10,10.56,12.66,0.05,69.33,0.0,40,15,0,14.42,14.72,0.0
bus36-M_viper_L64_s103,ok,bus36-M,viper,64,103,VIPER,bus36-M,0,64,10,11.82,7.06,0.30,51.43,0.0,40,25,0,13.94,10.85,0.0
bus36-M_viper_L64_s104,ok,bus36-M,viper,64,104,VIPER,bus36-M,0,64,12,13.47,14.41,0.05,100.00,5.0,40,19,0,17.42,17.23,2.5
bus36-M_viper_L8_s100,ok,bus36-M,viper,8,100,VIPER,bus36-M,0,8,5,32.66,25.24,0.12,100.00,5.0,40,11,0,21.09,19.95,0.0
bus36-M_viper_L8_s101,ok,bus36-M,viper,8,101,VIPER,bus36-M,0,8,4,29.56,26.72,0.12,100.00,10.0,40,15,0,20.19,18.72,0.0
bus36-M_viper_L8_s102,ok,bus36-M,viper,8,102,VIPER,bus36-M,0,8,4,27.38,23.80,0.05,100.00,2.5,40,21,0,28.93,27.47,7.5
bus36-M_viper_L8_s103,ok,bus36-M,viper,8,103,VIPER,bus36-M,0,8,4,11.55,6.35,0.19,51.39,0.0,40,25,0,13.47,10.33,0.0
bus36-M_viper_L8_s104,ok,bus36-M,viper,8,104,VIPER,bus36-M,0,8,5,11.27,11.45,0.05,100.00,5.0,40,19,0,13.01,15.68,0.0
bus5_dagger_s100,ok,bus5,dagger,,100,DAGGER,bus5,0,NA,NA,23.37,27.88,0.20,100.00,20.0,5,2,0,25.59,27.03,20.0
bus5_dagger_s101,ok,bus5,dagger,,101,DAGGER,bus5,0,NA,NA,2.51,26.75,4.02,98.56,0.0,5,0,0,44.99,60.36,40.0
bus5_dagger_s102,ok,bus5,dagger,,102,DAGGER,bus5,0,NA,NA,61.55,22.18,0.20,100.00,20.0,5,1,0,1.08,31.07,20.0
bus5_dagger_s103,ok,bus5,dagger,,103,DAGGER,bus5,0,NA,NA,11.28,42.14,0.30,100.00,40.0,5,2,0,44.10,20.82,20.0
bus5_dagger_s104,ok,bus5,dagger,,104,DAGGER,bus5,0,NA,NA,29.48,5.54,0.35,12.70,0.0,5,2,0,46.29,48.09,40.0
bus5_daggertree_L16_s100,ok,bus5,daggertree,16,100,DTPO,bus5,0,16,7,22.82,6.17,4.51,8.48,0.0,5,0,0,10.51,56.84,40.0
bus5_daggertree_L16_s101,ok,bus5,daggertree,16,101,DTPO,bus5,0,16,7,0.10,0.12,0.10,0.20,0.0,5,0,0,0.14,0.12,0.0
bus5_daggertree_L16_s102,ok,bus5,daggertree,16,102,DTPO,bus5,0,16,6,80.08,65.84,2.43,100.00,60.0,5,0,0,68.69,57.92,40.0
bus5_daggertree_L16_s103,ok,bus5,daggertree,16,103,DTPO,bus5,0,16,6,41.98,81.17,5.85,100.00,80.0,5,0,0,43.95,54.35,20.0
bus5_daggertree_L16_s104,ok,bus5,daggertree,16,104,DTPO,bus5,0,16,7,0.51,0.86,0.10,1.39,0.0,5,0,0,0.20,0.98,0.0
bus5_daggertree_L32_s100,ok,bus5,daggertree,32,100,DTPO,bus5,0,32,8,0.84,0.25,0.20,0.35,0.0,5,0,0,0.66,0.64,0.0
bus5_daggertree_L32_s101,ok,bus5,daggertree,32,101,DTPO,bus5,0,32,8,2.56,9.56,4.66,14.78,0.0,5,0,0,6.41,9.45,0.0
bus5_daggertree_L32_s102,ok,bus5,daggertree,32,102,DTPO,bus5,0,32,10,0.50,0.10,0.10,0.10,0.0,5,0,0,0.10,2.33,0.0
bus5_daggertree_L32_s103,ok,bus5,daggertree,32,103,DTPO,bus5,0,32,9,0.07,1.95,0.05,9.57,0.0,5,0,0,10.01,21.48,20.0
bus5_daggertree_L32_s104,ok,bus5,daggertree,32,104,DTPO,bus5,0,32,8,3.16,6.44,1.74,11.31,0.0,5,0,0,5.69,2.76,0.0
bus5_daggertree_L64_s100,ok,bus5,daggertree,64,100,DTPO,bus5,0,64,12,2.31,20.33,0.20,100.00,20.0,5,0,0,20.34,7.82,0.0
bus5_daggertree_L64_s101,ok,bus5,daggertree,64,101,DTPO,bus5,0,64,10,7.69,55.64,2.78,100.00,20.0,5,0,0,77.20,16.74,0.0
bus5_daggertree_L64_s102,ok,bus5,daggertree,64,102,DTPO,bus5,0,64,11,0.10,0.10,0.10,0.10,0.0,5,0,0,4.62,0.10,0.0
bus5_daggertree_L64_s103,ok,bus5,daggertree,64,103,DTPO,bus5,0,64,13,2.44,40.87,0.35,100.00,40.0,5,0,0,5.23,6.52,0.0
bus5_daggertree_L64_s104,ok,bus5,daggertree,64,104,DTPO,bus5,0,64,11,0.56,0.39,0.20,0.64,0.0,5,0,0,4.46,2.02,0.0
bus5_daggertree_L8_s100,ok,bus5,daggertree,8,100,DTPO,bus5,0,8,4,35.27,16.45,4.56,47.97,0.0,5,0,0,14.68,27.08,20.0
bus5_daggertree_L8_s101,ok,bus5,daggertree,8,101,DTPO,bus5,0,8,5,100.00,100.00,100.00,100.00,100.0,5,0,0,100.00,100.00,100.0
bus5_daggertree_L8_s102,ok,bus5,daggertree,8,102,DTPO,bus5,0,8,5,0.48,12.70,0.25,33.68,0.0,5,0,0,31.85,20.06,0.0
bus5_daggertree_L8_s103,ok,bus5,daggertree,8,103,DTPO,bus5,0,8,5,100.00,100.00,100.00,100.00,100.0,5,0,0,100.00,100.00,100.0
bus5_daggertree_L8_s104,ok,bus5,daggertree,8,104,DTPO,bus5,0,8,6,29.41,28.97,1.39,100.00,20.0,5,0,0,31.69,48.29,20.0
bus5_distill_L16_s100,ok,bus5,distill,16,100,DTPO,bus5,0,16,7,23.98,81.10,5.51,100.00,80.0,5,0,0,27.69,23.41,20.0
bus5_distill_L16_s101,ok,bus5,distill,16,101,DTPO,bus5,0,16,8,14.65,17.14,4.81,33.28,0.0,5,0,0,18.37,30.37,20.0
bus5_distill_L16_s102,ok,bus5,distill,16,102,DTPO,bus5,0,16,7,7.01,7.68,0.10,33.58,0.0,5,0,0,1.00,2.23,0.0
bus5_distill_L16_s103,ok,bus5,distill,16,103,DTPO,bus5,0,16,6,79.55,15.77,0.20,39.09,0.0,5,0,0,76.72,46.56,0.0
bus5_distill_L16_s104,ok,bus5,distill,16,104,DTPO,bus5,0,16,7,6.91,21.05,4.66,57.89,0.0,5,0,0,25.35,3.77,0.0
bus5_distill_L32_s101,ok,bus5,distill,32,101,DTPO,bus5,0,32,10,84.49,70.85,17.01,100.00,60.0,5,0,0,77.62,66.12,60.0
bus5_distill_L32_s102,ok,bus5,distill,32,102,DTPO,bus5,0,32,10,3.21,0.39,0.10,1.44,0.0,5,0,0,0.50,23.07,20.0
bus5_distill_L32_s103,ok,bus5,distill,32,103,DTPO,bus5,0,32,7,46.57,55.62,0.20,100.00,20.0,5,0,0,60.10,59.20,40.0
bus5_distill_L32_s104,ok,bus5,distill,32,104,DTPO,bus5,0,32,9,24.77,18.91,4.07,54.56,0.0,5,0,0,11.63,10.36,0.0
bus5_distill_L64_s100,ok,bus5,distill,64,100,DTPO,bus5,0,64,12,6.84,2.40,0.25,8.63,0.0,5,0,0,8.50,5.08,0.0
bus5_distill_L64_s101,ok,bus5,distill,64,101,DTPO,bus5,0,64,12,20.66,60.23,0.55,100.00,60.0,5,0,0,22.42,12.13,0.0
bus5_distill_L64_s102,ok,bus5,distill,64,102,DTPO,bus5,0,64,11,5.19,1.00,0.10,4.51,0.0,5,0,0,0.97,5.77,0.0
bus5_distill_L64_s103,ok,bus5,distill,64,103,DTPO,bus5,0,64,10,0.87,31.43,0.20,100.00,20.0,5,0,0,4.92,20.86,20.0
bus5_distill_L64_s104,ok,bus5,distill,64,104,DTPO,bus5,0,64,12,7.27,16.64,0.94,46.97,0.0,5,0,0,8.20,5.50,0.0
bus5_distill_L8_s100,ok,bus5,distill,8,100,DTPO,bus5,0,8,5,1.04,0.10,0.10,0.10,0.0,5,0,0,0.80,1.39,0.0
bus5_distill_L8_s101,ok,bus5,distill,8,101,DTPO,bus5,0,8,6,12.77,10.60,3.77,19.54,0.0,5,0,0,8.04,42.68,40.0
bus5_distill_L8_s102,ok,bus5,distill,8,102,DTPO,bus5,0,8,5,0.05,1.77,0.05,4.41,0.0,5,0,0,1.10,0.11,0.0
bus5_distill_L8_s103,ok,bus5,distill,8,103,DTPO,bus5,0,8,5,15.17,40.15,5.26,100.00,20.0,5,0,0,29.06,45.21,40.0
bus5_distill_L8_s104,ok,bus5,distill,8,104,DTPO,bus5,0,8,5,0.89,0.96,0.05,4.32,0.0,5,0,0,0.09,0.85,0.0
bus5_dtpo-full-M2_L16_s100,ok,bus5,dtpo-full-M2,16,100,DTPO,bus5,0,16,6,100.00,80.10,0.50,100.00,80.0,5,2,52,100.00,100.00,100.0
bus5_dtpo-full-M2_L16_s101,ok,bus5,dtpo-full-M2,16,101,DTPO,bus5,0,16,6,100.00,100.00,100.00,100.00,100.0,5,2,4,100.00,100.00,100.0
bus5_dtpo-full-M2_L16_s102,ok,bus5,dtpo-full-M2,16,102,DTPO,bus5,0,16,7,23.93,9.37,0.25,18.40,0.0,5,0,7,15.65,25.42,20.0
bus5_dtpo-full-M2_L16_s103,ok,bus5,dtpo-full-M2,16,103,DTPO,bus5,0,16,6,100.00,100.00,100.00,100.00,100.0,5,0,13,100.00,100.00,100.0
bus5_dtpo-full-M2_L16_s104,ok,bus5,dtpo-full-M2,16,104,DTPO,bus5,0,16,5,100.00,100.00,100.00,100.00,100.0,5,1,31,100.00,100.00,100.0
bus5_dtpo-full-M8_L16_s100,ok,bus5,dtpo-full-M8,16,100,DTPO,bus5,0,16,6,100.00,100.00,100.00,100.00,100.0,5,1,87,100.00,100.00,100.0
bus5_dtpo-full-M8_L16_s101,ok,bus5,dtpo-full-M8,16,101,DTPO,bus5,0,16,8,100.00,100.00,100.00,100.00,100.0,5,1,31,100.00,80.09,80.0
bus5_dtpo-full-M8_L16_s102,ok,bus5,dtpo-full-M8,16,102,DTPO,bus5,0,16,7,7.43,3.17,0.25,4.66,0.0,5,0,0,3.71,3.57,0.0
bus5_dtpo-full-M8_L16_s103,ok,bus5,dtpo-full-M8,16,103,DTPO,bus5,0,16,6,100.00,100.00,100.00,100.00,100.0,5,0,26,100.00,100.00,100.0
bus5_dtpo-full-M8_L16_s104,ok,bus5,dtpo-full-M8,16,104,DTPO,bus5,0,16,7,28.18,21.80,6.05,58.88,0.0,5,0,0,20.16,12.64,0.0
bus5_dtpo-full-pat3_L16_s100,ok,bus5,dtpo-full-pat3,16,100,DTPO,bus5,0,16,6,100.00,100.00,100.00,100.00,100.0,5,1,22,100.00,100.00,100.0
bus5_dtpo-full-pat3_L16_s101,ok,bus5,dtpo-full-pat3,16,101,DTPO,bus5,0,16,7,21.90,62.22,4.51,100.00,60.0,5,0,0,61.62,61.65,60.0
bus5_dtpo-full-pat3_L16_s102,ok,bus5,dtpo-full-pat3,16,102,DTPO,bus5,0,16,5,44.04,81.12,5.61,100.00,80.0,5,1,32,64.45,44.76,40.0
bus5_dtpo-full-pat3_L16_s103,ok,bus5,dtpo-full-pat3,16,103,DTPO,bus5,0,16,6,100.00,100.00,100.00,100.00,100.0,5,0,13,100.00,100.00,100.0
bus5_dtpo-full-pat3_L16_s104,ok,bus5,dtpo-full-pat3,16,104,DTPO,bus5,0,16,5,100.00,100.00,100.00,100.00,100.0,5,1,14,100.00,100.00,100.0
bus5_dtpo-full_L16_s100,ok,bus5,dtpo-full,16,100,DTPO,bus5,0,16,6,100.00,100.00,100.00,100.00,100.0,5,1,82,100.00,100.00,100.0
bus5_dtpo-full_L16_s101,ok,bus5,dtpo-full,16,101,DTPO,bus5,0,16,6,40.93,80.75,3.77,100.00,80.0,5,1,1,61.51,100.00,100.0
bus5_dtpo-full_L16_s102,ok,bus5,dtpo-full,16,102,DTPO,bus5,0,16,7,100.00,100.00,100.00,100.00,100.0,5,2,43,100.00,100.00,100.0
bus5_dtpo-full_L16_s103,ok,bus5,dtpo-full,16,103,DTPO,bus5,0,16,6,100.00,100.00,100.00,100.00,100.0,5,0,21,100.00,100.00,100.0
bus5_dtpo-full_L16_s104,ok,bus5,dtpo-full,16,104,DTPO,bus5,0,16,7,74.26,43.89,4.71,100.00,20.0,5,1,25,52.71,76.43,60.0
bus5_dtpo-full_L32_s100,ok,bus5,dtpo-full,32,100,DTPO,bus5,0,32,10,100.00,100.00,100.00,100.00,100.0,5,3,44,100.00,100.00,100.0
bus5_dtpo-full_L32_s101,ok,bus5,dtpo-full,32,101,DTPO,bus5,0,32,9,80.89,81.11,5.56,100.00,80.0,5,1,35,100.00,100.00,100.0
bus5_dtpo-full_L32_s102,ok,bus5,dtpo-full,32,102,DTPO,bus5,0,32,7,65.12,80.27,1.34,100.00,80.0,5,0,69,100.00,100.00,100.0
bus5_dtpo-full_L32_s103,ok,bus5,dtpo-full,32,103,DTPO,bus5,0,32,7,100.00,91.89,59.47,100.00,80.0,5,1,40,100.00,100.00,100.0
bus5_dtpo-full_L32_s104,ok,bus5,dtpo-full,32,104,DTPO,bus5,0,32,8,3.65,3.75,1.39,4.56,0.0,5,0,0,23.64,4.21,0.0
bus5_dtpo-full_L64_s100,ok,bus5,dtpo-full,64,100,DTPO,bus5,0,64,9,100.00,100.00,100.00,100.00,100.0,5,1,44,100.00,100.00,100.0
bus5_dtpo-full_L64_s101,ok,bus5,dtpo-full,64,101,DTPO,bus5,0,64,11,100.00,100.00,100.00,100.00,100.0,5,1,41,100.00,100.00,100.0
bus5_dtpo-full_L64_s102,ok,bus5,dtpo-full,64,102,DTPO,bus5,0,64,10,51.95,73.12,30.46,100.00,60.0,5,1,30,80.67,100.00,100.0
bus5_dtpo-full_L64_s103,ok,bus5,dtpo-full,64,103,DTPO,bus5,0,64,9,100.00,100.00,100.00,100.00,100.0,5,2,45,100.00,100.00,100.0
bus5_dtpo-full_L64_s104,ok,bus5,dtpo-full,64,104,DTPO,bus5,0,64,11,80.81,100.00,100.00,100.00,100.0,5,1,45,100.00,100.00,100.0
bus5_dtpo-full_L8_s100,ok,bus5,dtpo-full,8,100,DTPO,bus5,0,8,5,100.00,100.00,100.00,100.00,100.0,5,2,3,100.00,100.00,100.0
bus5_dtpo-full_L8_s101,ok,bus5,dtpo-full,8,101,DTPO,bus5,0,8,4,12.81,10.74,3.92,21.58,0.0,5,0,0,8.60,28.44,20.0
bus5_dtpo-full_L8_s102,ok,bus5,dtpo-full,8,102,DTPO,bus5,0,8,4,0.05,3.04,0.05,8.04,0.0,5,1,41,48.58,10.26,0.0
bus5_dtpo-full_L8_s103,ok,bus5,dtpo-full,8,103,DTPO,bus5,0,8,4,90.01,83.90,19.49,100.00,80.0,5,0,30,100.00,100.00,100.0
bus5_dtpo-full_L8_s104,ok,bus5,dtpo-full,8,104,DTPO,bus5,0,8,4,100.00,85.06,25.30,100.00,80.0,5,2,22,100.00,100.00,100.0
bus5_dtpo-gate-K1_L16_s100,ok,bus5,dtpo-gate-K1,16,100,DTPO,bus5,0,16,7,100.00,100.00,100.00,100.00,100.0,5,2,67,100.00,100.00,100.0
bus5_dtpo-gate-K1_L16_s101,ok,bus5,dtpo-gate-K1,16,101,DTPO,bus5,0,16,8,14.65,17.14,4.81,33.28,0.0,5,0,2,18.37,30.37,20.0
bus5_dtpo-gate-K1_L16_s102,ok,bus5,dtpo-gate-K1,16,102,DTPO,bus5,0,16,7,19.27,25.54,4.61,100.00,20.0,5,1,2,19.02,9.10,0.0
bus5_dtpo-gate-K1_L16_s103,ok,bus5,dtpo-gate-K1,16,103,DTPO,bus5,0,16,6,100.00,100.00,100.00,100.00,100.0,5,0,16,100.00,100.00,100.0
bus5_dtpo-gate-K1_L16_s104,ok,bus5,dtpo-gate-K1,16,104,DTPO,bus5,0,16,6,100.00,100.00,100.00,100.00,100.0,5,1,30,100.00,100.00,100.0
bus5_dtpo-gate_L16_s100,ok,bus5,dtpo-gate,16,100,DTPO,bus5,0,16,5,92.45,100.00,100.00,100.00,100.0,5,2,74,100.00,100.00,100.0
bus5_dtpo-gate_L16_s101,ok,bus5,dtpo-gate,16,101,DTPO,bus5,0,16,6,22.18,80.96,4.81,100.00,80.0,5,0,1,61.64,81.79,80.0
bus5_dtpo-gate_L16_s102,ok,bus5,dtpo-gate,16,102,DTPO,bus5,0,16,7,7.60,7.08,0.25,18.40,0.0,5,0,0,15.65,9.96,0.0
bus5_dtpo-gate_L16_s103,ok,bus5,dtpo-gate,16,103,DTPO,bus5,0,16,6,100.00,100.00,100.00,100.00,100.0,5,0,44,100.00,100.00,100.0
bus5_dtpo-gate_L16_s104,ok,bus5,dtpo-gate,16,104,DTPO,bus5,0,16,7,28.01,21.36,6.00,57.79,0.0,5,0,0,19.60,12.25,0.0
bus5_dtpo-replay_L16_s100,ok,bus5,dtpo-replay,16,100,DTPO,bus5,0,16,6,100.00,100.00,100.00,100.00,100.0,5,21,0,100.00,100.00,100.0
bus5_dtpo-replay_L16_s101,ok,bus5,dtpo-replay,16,101,DTPO,bus5,0,16,7,58.90,77.40,3.92,100.00,60.0,5,4,0,73.06,80.93,80.0
bus5_dtpo-replay_L16_s102,ok,bus5,dtpo-replay,16,102,DTPO,bus5,0,16,5,100.00,81.40,6.99,100.00,80.0,5,27,0,100.00,100.00,100.0
bus5_dtpo-replay_L16_s103,ok,bus5,dtpo-replay,16,103,DTPO,bus5,0,16,6,100.00,100.00,100.00,100.00,100.0,5,5,0,100.00,100.00,100.0
bus5_dtpo-replay_L16_s104,ok,bus5,dtpo-replay,16,104,DTPO,bus5,0,16,8,100.00,100.00,100.00,100.00,100.0,5,7,0,100.00,100.00,100.0
bus5_dtpo-scratchfull_L16_s100,ok,bus5,dtpo-scratchfull,16,100,DTPO,bus5,0,16,7,100.00,100.00,100.00,100.00,100.0,5,0,24,100.00,100.00,100.0
bus5_dtpo-scratchfull_L16_s101,ok,bus5,dtpo-scratchfull,16,101,DTPO,bus5,0,16,7,100.00,100.00,100.00,100.00,100.0,5,2,60,100.00,100.00,100.0
bus5_dtpo-scratchfull_L16_s102,ok,bus5,dtpo-scratchfull,16,102,DTPO,bus5,0,16,7,80.06,100.00,100.00,100.00,100.0,5,2,52,100.00,100.00,100.0
bus5_dtpo-scratchfull_L16_s103,ok,bus5,dtpo-scratchfull,16,103,DTPO,bus5,0,16,11,100.00,100.00,100.00,100.00,100.0,5,1,47,100.00,100.00,100.0
bus5_dtpo-scratchfull_L16_s104,ok,bus5,dtpo-scratchfull,16,104,DTPO,bus5,0,16,9,100.00,100.00,100.00,100.00,100.0,5,0,20,100.00,100.00,100.0
bus5_dtpo-scratchgate_L16_s100,ok,bus5,dtpo-scratchgate,16,100,DTPO,bus5,0,16,7,100.00,100.00,100.00,100.00,100.0,5,0,48,100.00,100.00,100.0
bus5_dtpo-scratchgate_L16_s101,ok,bus5,dtpo-scratchgate,16,101,DTPO,bus5,0,16,11,100.00,98.62,93.11,100.00,80.0,5,1,73,100.00,100.00,100.0
bus5_dtpo-scratchgate_L16_s102,ok,bus5,dtpo-scratchgate,16,102,DTPO,bus5,0,16,11,100.00,100.00,100.00,100.00,100.0,5,3,66,100.00,100.00,100.0
bus5_dtpo-scratchgate_L16_s103,ok,bus5,dtpo-scratchgate,16,103,DTPO,bus5,0,16,9,100.00,100.00,100.00,100.00,100.0,5,1,65,100.00,100.00,100.0
bus5_dtpo-scratchgate_L16_s104,ok,bus5,dtpo-scratchgate,16,104,DTPO,bus5,0,16,9,100.00,100.00,100.00,100.00,100.0,5,0,68,100.00,100.00,100.0
bus5_dtpo-ws_L16_s100,ok,bus5,dtpo-ws,16,100,DTPO,bus5,0,16,5,100.00,100.00,100.00,100.00,100.0,5,50,0,100.00,100.00,100.0
bus5_dtpo-ws_L16_s101,ok,bus5,dtpo-ws,16,101,DTPO,bus5,0,16,6,100.00,100.00,100.00,100.00,100.0,5,23,0,100.00,100.00,100.0
bus5_dtpo-ws_L16_s102,ok,bus5,dtpo-ws,16,102,DTPO,bus5,0,16,5,100.00,100.00,100.00,100.00,100.0,5,32,0,100.00,100.00,100.0
bus5_dtpo-ws_L16_s103,ok,bus5,dtpo-ws,16,103,DTPO,bus5,0,16,6,100.00,100.00,100.00,100.00,100.0,5,24,0,100.00,100.00,100.0
bus5_dtpo-ws_L16_s104,ok,bus5,dtpo-ws,16,104,DTPO,bus5,0,16,5,100.00,100.00,100.00,100.00,100.0,5,32,0,100.00,100.00,100.0
bus5_dtpo_L16_s100,ok,bus5,dtpo,16,100,DTPO,bus5,0,16,7,100.00,100.00,100.00,100.00,100.0,5,30,0,100.00,100.00,100.0
bus5_dtpo_L16_s101,ok,bus5,dtpo,16,101,DTPO,bus5,0,16,6,100.00,100.00,100.00,100.00,100.0,5,32,0,100.00,100.00,100.0
bus5_dtpo_L16_s102,ok,bus5,dtpo,16,102,DTPO,bus5,0,16,7,100.00,71.85,21.08,100.00,60.0,5,13,0,100.00,100.00,100.0
bus5_dtpo_L16_s103,ok,bus5,dtpo,16,103,DTPO,bus5,0,16,8,92.27,77.82,18.30,100.00,60.0,5,5,0,78.41,100.00,100.0
bus5_dtpo_L16_s104,ok,bus5,dtpo,16,104,DTPO,bus5,0,16,9,100.00,100.00,100.00,100.00,100.0,5,18,0,100.00,100.00,100.0
bus5_viper_L16_s100,ok,bus5,viper,16,100,VIPER,bus5,0,16,6,100.00,100.00,100.00,100.00,100.0,5,24,0,60.72,100.00,100.0
bus5_viper_L16_s101,ok,bus5,viper,16,101,VIPER,bus5,0,16,9,24.56,25.47,5.11,66.52,0.0,5,11,0,44.39,51.65,40.0
bus5_viper_L16_s102,ok,bus5,viper,16,102,VIPER,bus5,0,16,7,6.60,31.62,3.97,100.00,20.0,5,12,0,55.75,38.32,20.0
bus5_viper_L16_s103,ok,bus5,viper,16,103,VIPER,bus5,0,16,6,100.00,100.00,100.00,100.00,100.0,5,16,0,100.00,100.00,100.0
bus5_viper_L16_s104,ok,bus5,viper,16,104,VIPER,bus5,0,16,8,27.06,20.51,5.01,54.61,0.0,5,12,0,17.82,10.76,0.0
bus5_viper_L32_s100,ok,bus5,viper,32,100,VIPER,bus5,0,32,8,29.50,15.67,0.35,48.12,0.0,5,13,0,14.76,11.85,0.0
bus5_viper_L32_s101,ok,bus5,viper,32,101,VIPER,bus5,0,32,10,0.62,0.62,0.50,0.64,0.0,5,22,0,0.64,0.61,0.0
bus5_viper_L32_s102,ok,bus5,viper,32,102,VIPER,bus5,0,32,9,8.18,26.27,3.47,100.00,20.0,5,10,0,13.65,8.26,0.0
bus5_viper_L32_s103,ok,bus5,viper,32,103,VIPER,bus5,0,32,10,34.68,52.74,15.58,100.00,40.0,5,11,0,43.11,84.59,60.0
bus5_viper_L32_s104,ok,bus5,viper,32,104,VIPER,bus5,0,32,9,3.68,29.03,3.27,100.00,20.0,5,7,0,10.11,5.19,0.0
bus5_viper_L64_s100,ok,bus5,viper,64,100,VIPER,bus5,0,64,12,6.61,2.45,1.54,4.17,0.0,5,18,0,5.34,9.73,0.0
bus5_viper_L64_s101,ok,bus5,viper,64,101,VIPER,bus5,0,64,10,60.07,80.04,0.20,100.00,80.0,5,16,0,65.37,80.05,80.0
bus5_viper_L64_s102,ok,bus5,viper,64,102,VIPER,bus5,0,64,11,14.77,64.96,10.71,100.00,60.0,5,18,0,24.16,7.29,0.0
bus5_viper_L64_s103,ok,bus5,viper,64,103,VIPER,bus5,0,64,11,62.34,62.30,4.71,100.00,60.0,5,10,0,62.76,62.30,60.0
bus5_viper_L64_s104,ok,bus5,viper,64,104,VIPER,bus5,0,64,12,100.00,100.00,100.00,100.00,100.0,5,22,0,100.00,100.00,100.0
bus5_viper_L8_s100,ok,bus5,viper,8,100,VIPER,bus5,0,8,5,80.89,62.52,4.66,100.00,60.0,5,20,0,31.66,84.31,80.0
bus5_viper_L8_s101,ok,bus5,viper,8,101,VIPER,bus5,0,8,6,100.00,100.00,100.00,100.00,100.0,5,8,0,100.00,100.00,100.0
bus5_viper_L8_s102,ok,bus5,viper,8,102,VIPER,bus5,0,8,4,3.59,3.12,0.15,3.97,0.0,5,17,0,2.74,2.91,0.0
bus5_viper_L8_s103,ok,bus5,viper,8,103,VIPER,bus5,0,8,5,27.09,71.45,7.69,100.00,60.0,5,19,0,30.77,53.32,40.0
bus5_viper_L8_s104,ok,bus5,viper,8,104,VIPER,bus5,0,8,7,94.01,82.67,13.34,100.00,80.0,5,9,0,100.00,100.00,100.0
